题目,求解思路,类型,关联章节
基础知识,"概念的区分：
1、角频率与频率：$\omega = 2 \pi f$，填空题注意写单位
2、傅里叶级数的谱线：在$w_0k$频率处的值为$a_k$
3、
——————————————————————————
常见的代换：
1、$j^k = e^{j\frac{\pi}{2}k}$
2、$(-1)^n = e^{j\pi n}$
3、
——————————————————————————
一些表达式：
1、偶数：$Ev\{x(t)\}=\frac{x(t)+x(-t)}{2}$
2、奇数：$Od\{x(t)\}=\frac{x(t)-x(-t)}{2}$
3、虚数：$Re\{x(t)\}=\frac{x(t)+x^*(t)}{2}$
4、实数：$Im\{x(t)\}=\frac{x(t)-x^*(t)}{2j}$",简单,信号系统通识
时域信号绘图,"绘制连续信号时域波形：
1、横坐标的坐标标识为$t$，纵坐标标识看题目
2、冲激大小用括号加数字表示（表示冲激的强度），负冲激括号里也是正值（因为冲激强度只能为正）
注意：在对含有冲激的图像进行尺度变换时，冲激的大小也会跟着变化
注意：图像在间断点处也有连线（整个图像与$x$轴之间没有间断的地方）
备注：用闭式表达式表示图像时，自变量为$t$，有一次写成了$x$（具体自变量是什么参考题目）
——————————————————————————
绘制离散信号时域波形：
1、横坐标的坐标标识为$n$
2、纵坐标轴有没有都可以（如果题目有图形，可以参考题目是怎么画的）
3、端点用圆点表示，非等高的地方标注纵坐标的大小
——————————————————————————
绘制时域波形的奇部和偶部：
1、偶信号：y轴对称的点取平均值放右边，0处不变
2、奇信号：y轴对称的点右边减左边，取平均值，放右边；0处为0
3、对称：将求解后的右边的值按照就行对称到左边
注意：计算端点值，进行验证
——————————————————————————
图形的变换与组合：
1、图形变换方式：时移，伸缩，反转（正向变换：（化简成$\alpha(x + \beta)$的形式）先伸缩和反转$\alpha$，再时移$\beta$；逆向变换：先做变量替换，再做正向变换）
2、图形组合方式：加减，求导（注意：连续信号求导时可能会产生冲激信号，看信号与$x$轴之间或者信号本身是否有间断的点）
注意：对特殊点（边界点，信号转折点）进行代入验证
——————————————————————————
注意波形图的要点：横坐标标注、端点值标注，端点标注
注意：复序列可以将实部和虚部分别表示成两个序列",绘图,信号系统
频域信号绘图,"连续周期信号的幅度频谱与相位频谱：（条线形式）（双边谱和单边谱）（对比：周期信号傅里叶变换频域是脉冲形式）
1、将周期函数化简为指数信号和的形式$f(t)=\sum_{n=-\infty}^{\infty} F_{n} \mathrm{e}^{\mathrm{j} n \Omega t}$（傅里叶级数的形式）
2、频谱的横坐标为$n \Omega$，纵坐标为$|F_n|$，$\varphi_{n}$（分别时对应$F_n$的模和相位）
3、每一个指数信号的$n \Omega$部分对应为横坐标相应位置（傅里叶级数的$k$值与基波频率$\omega_0$相乘等于一个特定的$\omega$位置的幅度或者相位）
4、按照指数信号的系数求解幅度和相位
注意：如果是绘制单边谱，将函数化为标准傅里叶级数三角函数形式$f(t)=\frac{A_{0}}{2}+\sum_{n=1}^{\infty} A_{n} \cos \left(n \Omega t+\varphi_{n}\right)$，0位置的值为$\frac{A_{0}}{2}$（注意不是$A_{0}$，$A_{0}$是两倍的实际的直流分量）
单双边谱转换：从单边谱转为双边谱，除直流分量外（0位置的值），幅值减半，相位关于原点对称（实信号的傅里叶级数系数的共轭对称性）；相应也可以从双边谱转换为单边谱（单双边转换过程中直流分量的幅度是不发生改变的）
——————————————————————————
连续周期信号的傅里叶变换图：（冲激形式）（称为时域信号的频谱）
1、求解周期信号的傅里叶变换（冲激序列形式）
2、绘制各个点的冲激，注意冲激的表示方法
——————————————————————————
离散傅里叶变换图：
1、图像在间断点是封闭的（间断点有垂线连接）
2、图像是关于$2\pi$是周期的
——————————————————————————
注意绘图要点：横坐标标注、端点值标注，端点标注",绘图,信号系统
信号性质之奇偶性,"1、奇信号的序列和为0（时域信号大小的总和）
2、奇信号与偶信号乘积为奇信号（用定义证明）
3、信号的每一项的平方和等于其奇奇部分的每一项平方和加上偶数部分的每一项的平方和（利用2和展开平方证明）
备注：对连续信号也成立",简单,信号系统
信号性质之周期性,"周期性判断与计算：
1、使用定义判断周期性（特别是异形函数，自变量带平方的）
2、两个信号和：信号周期是两个信号周期的最小公倍数（对于连续信号，周期最小公倍数除以任一个周期的结果不是有理数则不是周期的；对于离散信号，两个整数周期一定有最小公倍数且是整数）
3、代入周期值判断（适用于选择题）：根据周期的定义式，将选项代入，并代入$t=0$到定义式中，判断定义式是否成立
——————————————————————————
通过时不变系统后的周期性：
1、时不变的输入输出周期性：对于时不变的系统，如果输入是周期的，输出也是周期的（时不变的特性）（也可以将周期信号表示为频谱函数的形式来证明）
2、输入非周期，输出可能是周期：可以冲过冲激序列将输入函数扩增成全域内的函数；或者将输入函数中周期比值为无理数的其中一部分抹掉（按照无理数部分的频率特征构造系统的频率响应），使剩余的部分的周期有有理数公比
总结：对于LTI，输入是周期，输出一定是周期；输入是非周期，输出可能是周期
——————————————————————————
信号伸缩变换后的周期性：（连续）
1、连续信号伸缩不会改变周期性，伸缩前后周期性一致，但是周期不同
——————————————————————————
信号伸缩变换后的周期性：（离散）
1、原信号是周期的，对信号进行抽取和插值之后与原信号周期性一致（周期的计算注意区分之前周期的奇偶性（N为奇数时，可认为是多个周期合并再进行抽取操作））
2、抽取和插值之后的信号是周期的，原信号与信号进行抽取和插值之后的周期性一致不一定一致，离散信号的抽取之后是周期的不代表抽取前是周期的（可能抹掉了一些非周期特性），但是离散信号的插值之后是周期的代表插值之前是周期的","思路, 简单, 重点",信号系统
信号性质之收敛性,"1、卷积公式：利用卷积公式直接计算输出函数，如果输出为无穷则不收敛
2、特征函数：对于输入信号为特征函数形式的情况，可对系统函数赋值后直接相乘，如果特征函数的对应的点不在系统函数的收敛域内则不收敛
3、转频域算：将输入及单位响应转换成频域相乘后再逆变换，判断输出值是否可能为无穷","中等, 思路, 疑问","Z变换, 信号系统, 拉普拉斯变换"
系统的其它性质,"记忆性：
1、定义：系统的输出仅取决于该时刻的输入
2、证明：找特殊值，证明某个时间的信号取决于之前的输入
3、样例：累加器（或称为相加器）、延迟单元（都与之前的输入有关）
问题：对于与之后输入相关的是记忆性吗？答：是<奥本海姆 信号系统 第二版 P29 1.6.1 末尾>
——————————————————————————
时不变：
1、先时移再经过系统与先经过系统再时移进行对比，如果一样就是时不变的，如果不一样就是时变的
注意：理解先时移再经过系统，先时移是以原信号（$x(t),x[n]$）为基础时移后再代入系统的（在系统外进行时移），不是基于系统中的输入信号（类似于$x(-t),x[-n]$之类的）直接时移的
——————————————————————————
稳定性：
1、输入有界时输出也有界：设有界输入，判断输出是否是无界的（反证法）
2、LTI系统稳定：单位冲激响应的模在整个域上积分为有限值→稳定LTI（单位脉冲响应的模在整个域上求和为有限值→稳定LTI）
3、收敛域判断：连续系统收敛域包含$jw$轴；离散系统收敛域包含单位圆
4、$H(s)$有理式表示中，如果分母中缺少$s^0$项，则系统一定不稳定
——————————————————————————
因果性：
1、输出不早于输入：当前的输出只能与当前和过去输入有关，即使以未来的判断条件也不行（表达式中任何一处早于输入都不行）（注意：因果性只看输入和输出信号，不关注其它的因式）
2、LTI系统因果：当$t<0$时，$h(t)=0$（离散下，$n<0$时，$h[n]=0$），即具有初始松弛条件
3、其它判断条件：物理可以实现一定是因果的（连续 AND 离散）；系统可以由微分方程表示，一定是因果的（连续）；系统可以由差分方程表示，不一定是因果的（离散）；系统可以由框图表示，不一定是因果的（连续 AND 离散）
4、$H(z)$的收敛域中，如果收敛域不包括无穷，则系统非因果
5、当$H(z)$与已知的信号相乘时，两者的收敛域需要有交集，此时可以推断出系统是因果的（推导过程示例：$H(z)$有两个极点$1/4$和$1/2$，没有明确说明收敛域，所以此时收敛域有三种情况，$X(z)$的收敛域为$|z| \gt 1$，所以此时两者相乘必须有交集，可以得到$H(z)$的收敛域为$|z| \gt 1/2$，也就得到了系统是因果系统）
6、一般对于未特别说明是非因果系统的，默认是因果系统（该条可以否定3和5，即高于3和5）
注意：对于级数$\sum_{i=m}^{n}$表示的输入输出关系的信号，级数上限可能小于下限（$m>n$）
——————————————————————————
可逆性：
1、预判断条件：$x(t)$是否有损值（逆时无法恢复）（损失类型：损失奇部或者偶部、求导损失常数部分、平方损失负数部分、忽略部分$x(t)$的值）
2、预判断条件：$x(t)$是否有多对一的情况（逆变换时无法区分）（损失类型：三角函数）
3、判断：可逆性判断时举反例，两个不同的输入对应同一个输出（输入可以取常数信号）（逆时无法区分的：找输入输出关系图上水平线上的两点输入即可）","简单, 重点",信号系统
判断系统性质,"常见的性质判断特征：
1、输入输出关系式带有非常系数的：线性、时变的
2、输入函数变量带有放缩变换的：线性、时变的（注意理解先时移再经过系统）、非因果的
3、输入函数变量带有负常系数的：时变的（注意理解先时移再经过系统，先时移是以原信号（$x(t),x[n]$）为基础时移后再代入系统的，不是基于系统中的输入信号（类似于$x(-t),x[-n]$之类的）直接时移的）
4、系统转换函数的定义域与时间相关（非与输入相关）：时变的（先经过系统后延时时定义域变了；先延时后经过系统时定义域没有变）（备注：如果定义域是和输入函数相关的（输入函数乘常系数，且变量无放缩），就是非时变的）
5、含有对数运算：非线性，不稳定（因为靠近y轴的地方虽然x是有限的，但是输出是无限的）
6、含有输入信号的高次方运算：非线性
——————————————————————————
 性质判断的注意点：
1、对于输入信号自变量有放大系数（系数小于1）的信号：注意正值部分的记忆性；注意负值部分的非因果性（对于缩小的信号与上述相反）
2、使用导数定义时，注意Δx是可正可负的，正值会导致非因果
3、做时变和线性判断时，若定义域与$x(t)$相关，则分段范围需要与$x(t)$同步变换；定义域中的所有包含$t$的（包括$x(t)$中的$t$）需要与$y(t)$中的$t$同步变化（备注：对于离散信号也是如此）
4、对于未明确定义的信号取偶部：利用偶部表示公式（$Ev\{x(t)\}=\frac{x(t)+x(-t)}{2}$）（将$x(t)/x[n]$代入公式即可，即直接令$t=-t/n=-n$，不改变其它的部分）
5、对于复杂的函数可以举反例进行说明
注意：如果是分段函数则注意范围表示是否变换","易错, 简单, 重点",信号系统
单位冲激（脉冲）与单位阶跃,"时域中表示：
1、连续：单位冲激信号和单位阶跃信号
2、离散：单位脉冲序列和单位阶跃序列
——————————————————————————
频域中表示：
1、连续：单位冲激响应和单位阶跃响应
2、离散：单位脉冲响应和单位阶跃响应
——————————————————————————
恒等系统：（输入输出为常数倍关系，并不是一倍）（注意与信号失真的条件区分）
1、离散恒等系统性质：$h[n]=k\delta[n]$
2、连续恒等系统性质：$h(t)=k\delta(t)$
——————————————————————————
单位脉冲（冲激）响应与单位阶跃响应的关系：
1、单位脉冲与单位阶跃响应：$h[n]=s[n]-s[n-1]$（推导：$\delta[n]=u[n]-u[n-1]=u[n]-u[n]*\delta[n-1]$，两边同时与系统信号卷积即可得出上述结论）；$s[n]=\sum_{k=0}^{\infty}h[n-k]$（由$u[n]=\sum_{k=0}^{\infty}\delta[n-k]$两边同时与输入卷积得到）（单位阶跃函数是单位冲激函数的累加积分）
2、单位冲激与单位阶跃响应：$h(t) = \frac {ds(t)}{t}$（单位冲激是单位阶跃的导数）（如果冲激函数没有突变类型的点（冲激），则说明阶跃信号是连续的）（拉氏变换中会添加或者消去0处的极点）
注意：真分式展开之后，每一项都是真分式，不包含常数项或者$s$的多项式，意味着冲激响应在$t=0$处不包含冲激函数及其导数
——————————————————————————
冲激函数的运算性质：
1、尺度性质：$\delta(at)=\frac{1}{|a|}\delta(t)$，$\delta(at-t_0)=\frac{1}{|a|}\delta(t-\frac{t_0}{a})$（⇒ 冲激函数是偶函数）（如果遇到带有非最简形式的冲激函数，都要化简成最简形式）
2、抽取性质：$x[n] \delta\left[n-n_{0}\right]=x\left[n_{0}\right] \delta\left[n-n_{0}\right]$，$\int_{-\infty}^{\infty} f(t) \delta\left(t-t_{0}\right) d t=f\left(t_{0}\right)$，$f(t) \delta\left(t-t_{0}\right)=f\left(t_{0}\right) \delta\left(t-t_{0}\right)$
3、导数（冲激偶）性质：$\int_{-\infty}^{\infty} \delta^{\prime}(t) d t=0$，$\int_{-\infty}^{t} \delta^{\prime}(\tau) d \tau=\delta(t)$，$\int_{-\infty}^{\infty} f(t) \delta^{\prime}(t) d t=-f^{\prime}(0)$，$\int_{-\infty}^{\infty} f(t) \delta^{\prime}\left(t-t_{0}\right) d t=-f^{\prime}\left(t_{0}\right)$，$f(t) \delta^{\prime}(t)=f(0) \delta^{\prime}(t)-f^{\prime}(0) \delta(t)$（推导：$(f(0)\cdot \delta(t))^\prime =(f(t)\cdot \delta(t))^\prime = f^\prime(x)\delta(t)+f(t)\delta^\prime(t) \Rightarrow f(t) \delta^{\prime}(t)=f(0) \delta^{\prime}(t)-f^{\prime}(0) \delta(t)$，即由乘积函数求导来推导）
4、冲激函数化简：若$f(t)=0$有$n$个互不相等的实数单根$t_{i}(i=1,2, \cdots, n)$，即$f^{\prime}\left(t_{i}\right) \neq 0$，则有$\delta[f(t)]=\sum_{i=1}^{n} \frac{1}{\left|f^{\prime}\left(t_{i}\right)\right|} \delta\left[\left(t-t_{i}\right)\right]$（具体的证明见page页面）（如果有重实根怎么办？放弃考研）
5、冲激函数与阶跃函数的关系：$\delta(t)= u^{\prime}(t)$
6、冲激偶的积分：冲激偶绝对值的积分是不存在的，即冲激偶不是绝对可积的；冲激偶不加绝对值的积分是0
备注：冲激函数只有积分才能消去（另外注意积分时注意积分点是否在积分范围内）","中等, 疑问",信号系统
信号平均功率和总能量,"连续信号：
1、平均功率公式：$P_{\infty} \triangleq \lim_{T \rightarrow \infty} \frac{1}{2 T} \int_{-T}^{T}|x(t)|^{2} d t$（无穷区间上函数模平方的积分，除以区间长度）（范围中T取无穷极限，范围从-T→ T）（备注：信号的平均功率可以与帕萨瓦尔定律相关联）
2、总能量公式：$E_{\infty} \triangleq \lim_{T \rightarrow \infty} \int_{-T}^{T}|x(t)|^{2} d t=\int_{-\infty}^{+\infty}|x(t)|^{2} d t$（无穷区间上函数模平方的积分）（范围中T取无穷极限，范围从-T→ T）
——————————————————————————
离散信号：
1、平均功率公式：$P_{\infty} \triangleq \lim_{N \rightarrow \infty} \frac{1}{2 N+1} \sum_{n=-N}^{+N}|x[n]|^{2}$（无穷区间上序列模平方的求和，除以区间长度）（范围中N取无穷极限，范围从-N→ N，项数一共是2N+1项）（备注：信号的平均功率可以与帕萨瓦尔定律相关联）
2、总能量公式：$E_{\infty} \triangleq \lim_{N \rightarrow \infty} \sum_{n=-N}^{+N}|x[n]|^{2}=\sum_{n=-\infty}^{+\infty}|x[n]|^{2}$（无穷区间上序列模平方的求和）（范围中N取无穷极限，范围从-N→ N，项数一共是2N+1项）
——————————————————————————
信号分类：
1、信号能量有限，平均功率为0（能量信号）
2、平均功率有限，信号能量无穷（功率信号）
2、信号能量无穷，平均功率无穷
——————————————————————————
能量的计算：
1、对于能量的计算，首先想到帕萨瓦尔定理","简单, 重点",信号系统
信号范围问题,"根据指定信号值求解时间或者序列范围：<小蓝书 P6 1-2>
1、根据已有的方程确定
2、可以采用特殊值代入进行验证
注意：考虑无穷处的值是否满足
——————————————————————————
输入$x[n]$界定值和输出$y[n]$界定值的关系：
0、假设输入界定值为$B$，输出界定值为$C$（界定值是信号的范围小于该界定值，其它情况立即推）
1、通过输入与输出的关系，估算输出的用输入表示的界定值（用B表示的式子）
2、由于输出界定值是最接近输出的，所以C应该小于等于上述估算的用B表示的式子（注意取等号的条件，对输入的值的要求）",简单,信号系统
微分（差分）方程判定系统性质,"<小蓝书 P52 2-22（一阶微分方程LTI的证明）P52 2-23（一阶差分方程LTI的证明）>
线性特性证明：
1、列出不同输入信号对应的系统微分（差分）方程（微分方程后需要标注输出信号为0时的$t$的范围）
2、将系统微分（差分）方程组合
3、说明输入的组合与输出的组合形式一致，并且输入与输出的信号存在的范围（信号非零；输入为0，输出也为0）一致
问题：如果输入和输出范围不一致是什么情况（输入为0，但是输出不为0）？答：这是初始松弛条件硬性规定的，输入为0，输出一定也是0（强制）
——————————————————————————
时不变特性证明：
1、列出原输入信号对应的系统微分（差分）方程（微分方程后需要标注输出信号为0时的$t$的范围）
2、列出原输入信号时移之后的信号对应的系统微分（差分）方程（将时移之后的信号用原信号表示）（定义域：微分方程后需要标注输出信号为0时的$t$的范围）
3、对2中的系统微分（差分）方程做变量替换，与1中的输入信号的变量形式表示一致（定义域：微分方程后需要标注时移之后的输出信号为0时的$t$的范围）
4、将1、2（变量替换后的）方程做对比，找到时移信号输出的信号与原信号输出的信号的对应关系（定义域：时移之后的输入信号为0的范围和时移之后的输出信号为0的范围是一致的）
——————————————————————————
因果特性证明：
1、设定有初始松弛条件的系统<小蓝书 P52 2-22>：一定是因果的（LTI系统初始松弛等效于系统因果）（证明：初始松弛条件，即$x(t)=0,t<0$时，有$y(t)=0,t<0$，又因为系统是时不变的，所以说明系统输出不会早于输入，而系统输出不早于输入正是系统因果性的条件）（初始松弛应用：若系统满足初始松弛，即$x(t)=0,t<0$时，有$y(t)=0,t<0 $，可以得到$y(0)=0$，可以用该点的值求解系统未知参数，即可以作为一个求解辅助条件）
2、没有说初始松弛条件的系统<小蓝书 P52 2-22>：可以根据系统单位冲激响应推断，即单位冲激响应在$t<0$时，$h(t)=0$","思路, 简单",LTI系统
离散信号的基波频率问题,"<小蓝书 P27 1-26 1-27>（写的太复杂，理解即可）
0、假设：信号为$x[n]=e^{jm(2\pi / N)n}$
1、结论：$gcd(m,N)$是$m$和$N$中的最大公约数，则离散信号$x[n]=e^{jm(2\pi / N)n}$的基波周期为$N_0 = N / gcd(m,N)$
2、理解：对于信号$x_1[n]=e^{j2(2\pi / 3)n}$和$x_2[n]=e^{j(2\pi / 3)n}$，按照以上结论，这两个信号的基波周期都是3，区别在于$x_1[n]$的角频率比$x_2[n]$的角频率变化的快，当$x_1[n]$的角频率变化再快一些，变成$x_3[n]=e^{j3(2\pi / 3)n}$，这时$x_3[n]=e^{j(2\pi)n}$，基波周期变成了1，当$x_1[n]$的角频率变化再快一些，变成$x_4[n]=e^{j4(2\pi / 3)n}$，这时基波周期又变成了3（类似于人眼的只能按照指定频率扫描，当看风扇转动时，看到有扇叶静止的时候，可能是频率又轮转回来了）
3、应用：对于一连续信号$x(t)=e^{jw_0t}$，基波频率是$w_0$，基波周期$T_0$是$2\pi / w_0$，对该离散信号进行$T$的等间隔取样，即$x[n] = x(nT) = e^{jw_0nT}$，可以使用周期的定义（设周期是$N$，使用周期的定义进行证明，试着证一下）来证明只有$T/T_0$是有理数时，$x[n]$才是周期的，设周期是$N$，即$\frac{T}{T_0}=\frac{p}{q}$，其中$p$和$q$都是有理数（注意$\frac{p}{q}$不一定是最简形式），则$x[n] = e^{jw_0nT} = e^{j\frac{2\pi}{T_0}nT} = e^{jp\frac{2\pi}{q}n}$，由上述的结论部分可知，离散信号$x[n]$的基波周期为$N_0 = N / gcd(p,q)$（理解：当$\frac{T}{T_0}=\frac{1}{3}$时，即可简单地认为连续信号是以3为周期，离散信号以1来取样，那么离散信号肯定需要取三次才能取到一个周期；当$\frac{T}{T_0}=\frac{3}{1}$，即可简单地认为连续信号是以1为周期，离散信号以3来取样，那么离散信号取一次就能取到一个周期；当$\frac{T}{T_0}=\frac{2}{6}$时，即可简单地认为连续信号是以6为周期，离散信号以2来取样，那么离散信号需要取三次（3 * 2）才能取到一个周期（6））；当$\frac{T}{T_0}=\frac{3}{7}$，即可简单地认为连续信号是以7为周期，离散信号以3来取样，那么离散信号需要取七次（7 * 3）就能取到一个周期（就是将连续信号的三个周期为21，然后被取样，刚好能取完整，续上下一个离散的取样）","中等, 思路",信号系统
一些杂例,"反例：
1、一个因果的LTI系统的逆系统不总是因果的：$\delta[n+1] * \delta[n-1] = \delta[n]$
2、一个因果的LTI系统与一个非因果的LTI系统级联，不一定是非因果的：$\delta[n+1] * \delta[n-1] = \delta[n]$
3、一个连续LTI系统稳定，则单位阶跃响应不一定是绝对可积的：$h(t)=e^{-t}u(t)$是稳定的，但是单位阶跃$s(t)=(1-e^{-t})u(t)$不是绝对可积的
4、输入输出为复常数倍，系统不一定是LTI的
5、两个非线性系统级联的系统可能是线性的：例如$y(t)=x(t)+C$和$z(t)=y(t)-C$
——————————————————————————
正例：
1、当且仅当一个离散LTI系统的单位阶跃响应在$n<0$时为$0$，系统是因果的：因为$h[n]=s[n]-s[n-1]$，如果$s[n]$在$n<0$时为$0$，那么$h[n]$在n<0时为$0$，此时系统因果（充分性）；又如果系统是因果的，则$h[n]$在$n<0$时为$0$，由$s[n]=\sum_{k=0}^{\infty}h[n-k]$可知，此时$s[n]$在$n<0$时为$0$（必要性）
——————————————————————————
注意事项：
1、当关系式中出现除变量计算时，注意对变量的0值进行排除（例如傅里叶级数的$a_0$的值单独计算<小蓝书 P75 3-2>）
2、题目中的当且仅当是充要条件的意思
3、时域相乘信号，如果其中一个信号包含零值，在根据相乘结果求解另一个信号时会增加这部分的值的不确定性（0乘什么都是0）
4、如果是线性时不变系统，那么初始松弛条件（即$x(t)=0,t<0$时，有$y(t)=0,t<0 $）等价于系统满足因果性，即输出信号只与现在或过去的输入信号有关，与以后的输入无关",易错,"LTI系统, 信号系统通识, 傅里叶级数"
信号的卷积,"卷积的性质：
1、函数卷积后的微分：$\frac{\mathrm{d}}{\mathrm{d} t}[x(t) * h(t)]=x(t) * \frac{\mathrm{d}}{\mathrm{d} t} h(t)=\frac{\mathrm{d}}{\mathrm{d} t} x(t) * h(t)$（一边先进行微分）（可以推导至卷积后的二阶微分，由公式得两个信号都先微分再卷积）
2、函数卷积后的积分：$\int_{-\infty}^{t}[x(\tau) * h(\tau)] \mathrm{d} \tau=x(t) * \int_{-\infty}^{t} h(\tau) \mathrm{d} \tau=\left[\int_{-\infty}^{t} x(\tau) \mathrm{d} \tau\right] * h(t)$（一边先进行积分）（可以推导至卷积后的二阶积分，由公式得两个信号都先积分再卷积）
3、函数延时后再卷积：$x\left(t-t_{1}\right) * h\left(t-t_{2}\right)=y\left(t-t_{1}-t_{2}\right)$
——————————————————————————
卷积求解类型：
1、窗函数卷积（两个窗信号）（连续信号端点重合/离散信号最少有一个点重合值才不为0，可以判断输出的长度）
2、函数与冲激信号的卷积（将冲激中的平移运算代入到函数中）（如果冲激中的自变量含有非1系数，注意化简）
3、使用卷积定义卷积（一般信号）
4、周期信号表示成级数和的形式（先计算级数的一段卷积，再加上冲激求和函数）
5、对于指定范围的信号（给出图像），使用$u(t)$对函数范围进行框定，转换成闭式表达式，用定义求解
6、利用频域求解：傅里叶变换，拉氏变换，$z$变换等
——————————————————————————
卷积求解技巧：
1、等腰三角形或者等腰梯形可以看作是两个矩形信号的卷积
2、计算离散信号的卷积时，将（一段）阶跃序列转换成脉冲序列的形式
3、求解卷积时可以将时移部分提出来，将别的计算完之后，再与时移进行卷积（利用了与冲激信号或者脉冲信号卷积，更好计算一些）
4、求解周期信号的卷积先求解其中一个周期内的卷积作为基础信号，然后周期信号卷积是以该基础信号，以原信号周期为扩展周期的信号
注意：结果的范围的表示用u(t)、u[n]表示
注意：当半边的时域信号与全域上的冲击序列卷积时，将求和符号挪到外边，求出里面的卷积后将级数展开，求出使得级数收敛的部分（利用前提条件说明的范围）<小蓝书 P42 2-10>
——————————————————————————
窗信号卷积确定输出信号：
1、将系数拆出来单独计算（用来确定最大值，注意两个窗信号是两个系数，还有窗的边界值，最大值是系数*系数*窗长度）
2、对于相同的窗信号：卷积出来是三角形的，确定边界（窗函数边界的代数相加就是卷积后的边界）和顶点即可（图形求解）
3、对于不同的窗信号：卷积出来是梯形的，画个图看一下梯形关键点的范围，自求多福吧
——————————————————————————
窗信号卷积确定输入与输出的范围关系：<小蓝书 P52 2-28>
1、稳妥方法：利用卷积的定义求解卷积信号（其中就包括卷积后信号的上下范围）
2、特殊技巧：画出图像，保持其中一个不变，对另一个进行反转后平移，当两个图像有交界时即卷积值不为零（窗函数边界的代数相加就是卷积后的边界，对于含有多个窗函数的，拆分为两两卷积然后线性组合即可）（当非窗函数图像时不要用这个）",简单,LTI系统
逆系统,"1、分离出$h[n]*g[n]=\delta[n]$的形式，$h[n],g[n]$互为逆系统
2、逆系统的拉氏变换的收敛域是一致的（why？）
注意：如果有第一问利用好第一问的结论（进行二次分解）
问题：$h[n],g[n]$在函数形态上是否需要满足什么条件才是互为逆系统？答：两个对称的冲激信号","思路, 疑问, 简单",LTI系统
信号失真与系统类型,"无失真条件：
1、时域波形（形状）未改变
2、仅幅度产生变化（变换后多了常系数（系统的幅度是与频率无关的常数，即幅度谱是一条水平线））
3、时间上有所延迟（系统频域表现为相位与频率具有线性函数关系）
——————————————————————————
失真分类：
1、幅度失真：系统幅度谱在所研究的频带内不是一个常数，会对输入信号的频率分量会进行不同的加权
2、相位失真：系统相位谱在所研究的频带内不是频率的线性函数，会对输入信号的不同频率分量造成不同的延时
——————————————————————————
系统的类型：（离散）（https://zhuanlan.zhihu.com/p/24699726）
1、全通系统：对于每一个极点都有一个互为共轭倒数的零点（关于单位圆反演）
2、最小相位系统：$H(z)$每一个零点和极点都在单位圆内，收敛域在某个圆的外面，此时$\frac{1}{H(z)}$与$H(z)$都收敛，相乘为1，称$H(z)$为最小相位系统
3、任意系统：对于任意的系统都是全通系统和最小相位系统的乘积",中等,"LTI系统, 离散傅里叶变换, 连续傅里叶变换"
傅里叶级数求解,"傅里叶级数的一般求解形式：
1、简单三角信号：转换成复指数的形式和求解基波频率，直接求解傅里叶系数（三角信号的系数个数有限）
2、一般时域信号：根据分析公式求解复指数形式的傅里叶系数（也称频谱系数）
3、级数有限信号：可以将未知数$a_k$当作待求解的线性方程，求解$a_k$
4、注意傅里叶级数的性质的应用
5、利用傅里叶变换与傅里叶级数的关系求解傅里叶级数
注意：连续傅里叶级数对于0点的求值需要进行单独求（因为积分过程中出现了除$k$运算，而分母不能为0）
注意：对于离散事件信号求解出来的傅里叶级数系数标注循环特性（离散时间信号的项数是有限的）
——————————————————————————
针对指定周期求傅里叶级数：
1、将信号表示成指数的形式
2、将周期固定（先把$\frac{2\pi}{T}$拎出来），对$k$进行配平（即选择$k$值使得与表示成的指数形式一致）
——————————————————————————
连续信号傅里叶级数表示形式：
1、指数形式：$x(t)=\sum_{k=-\infty}^{\infty}a_k e^{jk\omega_0t}$
2、三角形式：$x(t)=a_0 + 2\sum_{k=1}^{\infty}A_k cos(k\omega_0t+\theta_k)$（变换：$a_k=A_ke^{j\theta_k}$，就是将$a_k$用极坐标形式表出，注意极坐标的径是大于零的，所以$A_k=|a_k|$（取模，不是绝对值））（前提是实周期信号，有共轭对称性质）
3、笛卡尔形式：$x(t)=a_0 + 2\sum_{k=1}^{\infty}[B_k cos(k\omega_0t)-C_k sin(k\omega_0t)]$（变换：$a_k=B_k+jC_k$）（前提是实周期信号，有共轭对称性质）
——————————————————————————
傅里叶级数逆变换：
1、有限项的傅里叶级数：使用傅里叶级数指数形式展开
2、常见的时域信号的傅里叶级数表示（用于逆推）：矩形信号（$\frac{sin(k*)}{k*}$类似的形式）、常数信号（只有$a_0$项）、0-1奇偶交替离散信号（利用冲激（条线）表示傅里叶级数系数，值非相反对称形式利用$a_0$值进行配平）、1和-1奇偶交替离散信号$(-1)^n = e^{j\pi n}$（利用冲激（条线）表示傅里叶级数系数）
3、拆分和组合：傅里叶级数是多种常见的时域信号的傅里叶级数表示的组合的情况，利用组合获取到能够匹配目标傅里叶级数的信号（线性组合，LTI）",中等,傅里叶级数
傅里叶级数信号操作,"信号通过滤波器：（滤波器的系统频率响应$H(jw)$）
1、系数下标为$k$的项的频率为$kw_0$
2、通过系统时，如果系统频率响应在$kw_0$位置值为0，那么此频率就被过滤掉了
备注：对于复杂的信号，可以先将信号分解成卷积形式，可以分开送入到系统中（因为信号通过系统也是卷积运算，卷积运算具有可交换性）
注意：对于系统频率响应，可以将$H(jw)$表示为$H(jkw_0)$的形式求解（自变量由w换成了k，连续转为了离散）
——————————————————————————
变换后的信号的傅里叶级数系数和基波频率：
1、傅里叶系数：根据傅里叶级数的性质求解变换后的级数表示
2、基波频率：线性组合的信号基波频率不变
——————————————————————————",简单,傅里叶级数
系统的输入输出,"LTI系统-由已知图像求未知图像：（图像）
1、信号可以做的操作：输入输出可以按照相同形式伸缩平移或者叠加组合（平移是时不变的性质，伸缩变换和叠加组合是线性的性质）；输入输出可以同时求导（求导时注意不连续处出现冲激信号）
——————————————————————————
LTI系统的特征函数：
1、对复指数信号的响应：对于LTI系统，复指数信号是其特征函数，所以系统对该类型信号的响应应该与输入的信号形式一致，只会新增一个复常数项（不包含任何自变量）的系数（相反的如果系统对复指数信号的响应与输入形式一致，系统可能是LTI系统）
——————————————————————————
已知单位脉冲响应或频率响应：（三种方法）
1、卷积法（有限信号）：输入与单位脉冲响应进行卷积
2、特定频域法（周期输入）：将单位脉冲响应转换成频率响应和周期的输入转换成傅里叶级数形式，求解输出的傅里叶级数形式
3、特征函数法（复指数输入）：已知系统的频率响应（表示为$H(s)$或者$H(z)$，分别时对复指数信号$e^{st}$的响应和对复指数序列$z^{n}$的响应）和表示成特征函数形式的时域输入信号（连续下的复指数信号$e^{st}$和离散下的复指数序列$z^{n}$），求解输出的一般时域形式
——————————————————————————
已知单位脉冲响应或频率响应：（一般频域法）（知其二求另一/验证LTI性质）
1、利用时域转频域变换先转换成一致（时域、频域），一般为频域
2、通过LTI系统的性质求解（乘积或者卷积）（注意性质的运用）
3、转换成目标结构（时频）
——————————————————————————
已知系统微分方程：（时域解法）<小蓝书 P52 2-22 2-23>
1、求特解（零状态响应）：根据输入的形式设特解形式（一阶微分方程对于$y=e^{at}$的输入，设特解为$y=Ae^{at}$；其它形式方程参考数学常微分方程求解）
2、求齐次解（零输入响应）：根据系统方程形式设齐次解并代入到方程求未知量（一阶微分方程齐次解设为$y=Be^{st}$，其中$s$和$B$均是未知量；其它形式方程参考数学常微分方程求解）
3、确定待定系数：系统初始松弛条件（系统满足初始松弛，即当$t<0$时，$x(t) = 0$时，有$t<0$时，$y(t) = 0 \Rightarrow  y(0)=0$（<小蓝书 P53 题目解答>）；利用题目给出的辅助条件（注意辅助条件的适用范围）；如果输入是分段函数，输出在分段处是连续的<小蓝书 P55 2-23>；
注意：求出的解后面需要标注输出信号不为0时的$t$的范围（定义域），整体（特解+齐次解）的输出信号范围与零状态响应一致（原因是因为系统因果性）（对于组合信号）",中等,"LTI系统, Z变换, 傅里叶级数, 拉普拉斯变换, 离散傅里叶变换, 连续傅里叶变换"
猜信号,"傅里叶级数：
1、主要依据：傅里叶级数的表达式
2、$a_k=a_{k+m}$条件：此条件可以求得连续信号只在指定点有值（冲激信号），其余位置为0
3、帕萨瓦尔条件：时域信号周期平方均值等于频域$a_k$序列平方和
4、共轭对称条件：利用共轭对称推出时域和频域的实虚和奇偶特性
——————————————————————————
离散傅里叶变换：
1、有限值时可以假设信号
2、离散傅里叶变换和逆变换的运用
3、离散傅里叶变换性质的运用
——————————————————————————
连续傅里叶变换：
1、连续傅里叶变换和逆变换的运用（分析综合公式）
2、连续傅里叶变换性质的运用（共轭对称性等）",中等,"傅里叶级数, 离散傅里叶变换, 连续傅里叶变换"
信号（变换）求值,"求解信号的值：（连续傅里叶变换/离散傅里叶变换）
1、求解频域零点或者时域零点的值（频域积分或者时域积分）：利用分析综合公式（注意综合式不要漏$\frac{1}{2\pi}$）
2、频域信号与函数相乘的积分：将被积函数当作整体，计算该整体相对于原频域信号的变换，再利用分析综合公式转换到时域求值（对于时域信号的卷积的积分也是类似的，都需要用到时域相乘或者卷积的性质）（$\frac{1}{2\pi}\int_{-\pi}^{\pi}H_1(e^{j\omega})H_2(e^{j\omega})d\omega=(h_1[n]*h_2[n])|_{n=0}$（如果$h_1[n],h_2[n]$均为因果系统的单位冲激响应，则$(h_1[n]*h_2[n])|_{n=0}=h_1[0]h_2[0]$））
3、求解频域信号或时域信号的模平方：看到平方就想到用帕萨瓦尔；如果是更高次方函数的积分运算用时域相乘频域卷积的性质转换到频域计算；如果模内是信号的频域微分之类的先求解相应变换后的信号
4、求解角度：利用平移性质转换为奇数信号（频域为纯虚）或者偶数信号（频域为纯实）
5、实部或者虚部信号的反变换：利用共轭对称性质，将信号拆解成奇数部分和偶数部分
6、离散信号求解频域特定位置的值：将值代入到综合公式中求解
注意：离散情况下积分的范围是在$2\pi$范围内
——————————————————————————
信号特性的判断：（连续傅里叶变换/离散傅里叶变换）
1、共轭对称性：判断信号的频域与时域的奇偶和实虚特性
2、频域乘以指数函数：时域信号频移性质
3、频域或者时域的积分为指定值：分析综合公式转换成某个点的值
4、频域周期性判断：离散信号的频域一定是周期的",中等,"傅里叶级数, 离散傅里叶变换, 连续傅里叶变换"
频域和时域的奇偶性和实虚性的转换,"（适用于傅里叶级数/傅里叶变换（连续/离散））
准则：
1、频域和时域的奇偶性保持一致
2、偶数变换前后实虚一致，奇数变换前后实虚相反
——————————————————————————
方法：
1、将要判断的信号分解成奇部和偶部
2、分别对奇部和偶部进行判断
——————————————————————————
区别：
1、对于傅里叶级数的判断，频域值相当于是$a_k$",简单,"傅里叶级数, 离散傅里叶变换, 连续傅里叶变换"
对偶性推导与应用,"连续傅里叶变换自身的对偶性：
1、对偶关系：若$ x(t)\leftrightarrow X(jw)$，则$X(j t) \leftrightarrow 2 \pi x(-\omega)$
2、推导过程：将傅里叶变换的分析式转换成综合式的形式即可
3、应用场景：矩形时域信号和矩形频域信号的傅里叶变换的互相转换
——————————————————————————
离散傅里叶级数自身的对偶性：（了解即可，大概率不考）
1、对偶关系：$ x[n]\leftrightarrow a_k$，则$ Na_{-k}\leftrightarrow x[n]$
2、推导过程：将傅里叶级数的分析式转换成综合式的形式即可
3、应用场景：课本未提
——————————————————————————
连续傅里叶级数与离散傅里叶变换的对偶性：（了解即可，大概率不考）
1、对偶关系：连续级数变换对为$ x(t)\leftrightarrow a_k$，离散傅里叶变换对为$ x[n]\leftrightarrow  X(e^{jw})$，若连续傅里叶级数周期为$2\pi$，则有级数变换对$ X(jt) \leftrightarrow x[-n]$，有离散傅里叶变换对$a_{-k} \leftrightarrow x(t)$
2、推导过程：若连续傅里叶级数周期为$2\pi$，并且已知连续傅里叶级数信号时域和频域，将连续傅里叶级数的分析式转换成离散傅里叶变换的综合式形式，可以得到离散傅里叶变换对$a_{-k} \leftrightarrow x(t)$（即与$ x[n]\leftrightarrow X(jw)$对应）；若已知离散傅里叶级数信号的时域和频域，将离散傅里叶级数的分析式转换成连续傅里叶级数的综合式形式，可以得到连续傅里叶级数变换对$ X(e^{jt}) \leftrightarrow x[-n]$（即与$ x(t)\leftrightarrow a_k$对应）（注意：如果运用这两个对偶式，先将一部分值排列出来，作为运算之后的验证）
3、应用场景：课本未提",简单,"傅里叶级数, 离散傅里叶变换, 连续傅里叶变换"
傅里叶变换与傅里叶级数,"求解周期信号的傅里叶变换：（连续）
1、关系式：对于级数$x(t)=\sum_{k=-\infty}^{+\infty} a_{k} \mathrm{e}^{j k \omega_{0} t}$的傅里叶变换为$X(\mathrm{j} \omega)=\sum_{k=-\infty}^{+\infty} 2 \pi a_{k} \delta\left(\omega-k \omega_{0}\right)$，其中$a_k$是傅里叶级数系数，按照实际情况求解（取周期信号的一个周期求解）
2、特殊情况：对于周期冲激信号$x(t)=\sum_{k=-\infty}^{+\infty} \delta(t - T k)$的傅里叶变换为$X(\mathrm{j} \omega)=\frac{2\pi}{T}\sum_{k=-\infty}^{+\infty}   \delta\left(\omega-k \frac{2\pi}{T}\right)$，即$a_k=\frac{1}{T}$
3、易出错的点：在级数系数求解方面，对于$a_k=\frac{1}{T}\int_{T} x(t) e^{-j \omega_0 t} d t$的计算，需要单独把$k=0$的情况拿出来讨论（因为此处无法积分）；在级数系数性质方面，$k=0$处的情况与$k\ne 0$的情况是无关的，$k=0$处只有当被积函数是奇函数的时候才是0，即$a_0=0$，对于$k$不等于$0$时，如果信号是周期方波（周期是$T$，信号为$1$的范围是$2T_1$），可以得到$a_k=\frac{sin(2\pi k T_1 / T)}{\pi k}$，当$2T_1/T=1$时（此时就是直流信号，不再具有方波的性质），$a_k=0$（$k \gt 0$）恒成立（所以这里在遇到方波的时候，需要对方波的信号进行分类讨论）
——————————————————————————
由傅里叶变换求傅里叶级数系数：（连续）
1、关系式：对周期信号$x(t)$取一个周期$x_1(t)$，即傅里叶级数系数可以表示为$a_{k}=\frac{1}{T} \int_{-T / 2}^{T / 2} x(t) \mathrm{e}^{-\mathrm{j} k \omega_{0} t} \mathrm{~d} t=\frac{1}{T} \int_{-\infty}^{+\infty} x_1(t) \mathrm{e}^{-\mathrm{j} k \omega_{0} t} \mathrm{~d} t$，其中一个周期的傅里叶变换$X(j \omega)=\int_{-\infty}^{+\infty} x_1(t) \mathrm{e}^{-\mathrm{j} \omega t} \mathrm{~d} t$，所以傅里叶级数用一个周期内的傅里叶变换表示就是$a_{k}=\frac{1}{T} X\left(\mathrm{j} k \omega_{0}\right)$
2、应用场景：当对于一个周期信号，一个周期内的傅里叶变换相对于傅里叶级数系数来说比较好求，或者一个周期内的信号可以用常用的傅里叶变换求解
——————————————————————————
求解周期信号的傅里叶变换：（离散）
1、关系式：对于级数$x[n]=\sum_{k=<N>}a_{k} \mathrm{e}^{j k \omega_{0} n}$的傅里叶变换为$X(\mathrm{e}^{\mathrm{j} \omega})=\sum_{k=-\infty}^{+\infty} 2 \pi a_{k} \delta\left(\omega-k \frac{2\pi}{N}\right)$，其中$a_k$是傅里叶级数系数
——————————————————————————
离散下的离散傅里叶变换：（离散）（这个不该放这里）
2、DFT：离散傅里叶级数系数构成了DFT，对于它的计算有一个FFT（快速傅里叶变换）的算法；并且由DFT可以恢复原有限长信号（离散傅里叶级数变换对）","中等, 思路","傅里叶级数, 离散傅里叶变换, 连续傅里叶变换"
信号的模和相位,"模与相位的定义：
1、频域信号用模和相位表示：$H(jw) = |H(jw)|e^{jarg(H(jw))}$
——————————————————————————
模和相位的拆分运用：
1、对于利用特征函数求解法，如果将$H(jw)$表示成$ |H(jw)|e^{jarg(H(jw))}$形式，如果$ |H(jw)|=1$，则可以求解对应频率的角度变换$e^{jarg(H(jw))}$（相当于对原始信号进行时域平移），从而得到对应指数信号的复数响应，然后得到系统变换结果<小绿书4-30>
——————————————————————————
模与相位的求解：
1、傅里叶变换法：求解信号的傅里叶变换，将信号傅里叶变换化简成模乘相位的形式
2、利用信号性质：例如实偶信号变换后还是实偶信号，实偶信号的相位为0，这就可以很快判断出信号的相位（如果信号并不是实偶的形式，可以通过平移变换之类的化简成实偶信号，然后再求解原信号的相位即可）；对于实奇信号也是类似的
3、实数信号相位：实数信号相位可以为$0$也可以为$\pi$，对应到时域为系数$1$和$-1$；（易忽略点）",简单,连续傅里叶变换
连续傅里叶变换求解,"连续非周期信号：（一般信号，导数信号，冲激（阶跃）信号，抽象信号，有限三角信号）
1、注意使用傅里叶变换的性质来简化计算（注意形式的拆分和组合）
2、冲激信号和一般信号：使用傅里叶变换对（分析公式）求解
3、有限三角信号：转换成指数形式，运用积分（分析公式）求解
4、抽象信号（给出已知变换参照的）：一般用已知信号通过性质的变换求解
5、运用连续傅里叶变换的对偶性（理解和推导常用的变换对）（记忆矩形时域和矩形频域的变换）
注意：分段函数判定运用积分性质的条件（积分性质前提：负无穷为0，正无穷为常数）
——————————————————————————
连续周期信号：（一般三角信号、常数信号、单位阶跃）（一般不收敛）
1、一般三角信号换成带系数的三角信号可以利用$sin$和$cos$的变换进行拼凑（记忆sin和cos的傅里叶变换）
2、常数信号→$1 \leftrightarrow 2\pi \delta(w)$
3、单位阶跃信号的变换：$\frac{1}{j \omega}+\pi \delta(\omega)$，公式记忆（推导：利用时域积分性质和单位冲激的傅里叶变换进行推导）
4、其它周期信号：利用傅里叶级数与傅里叶变换的关系式（对于级数$x(t)=\sum_{k=-\infty}^{+\infty} a_{k} \mathrm{e}^{j k \omega_{0} t}$的傅里叶变换为$X(\mathrm{j} \omega)=\sum_{k=-\infty}^{+\infty} 2 \pi a_{k} \delta\left(\omega-k \omega_{0}\right)$，其中$a_k$是傅里叶级数系数，对于该系数表示，如果含有各种参数，有可能需要对参数的值进行讨论）
5、复杂三角函数：积化和差的运用
——————————————————————————
逆变换求解：
1、频域分解：利用性质化简，做部分分式展开
2、求解：利用常用的傅里叶变换对（上述的周期或者非周期的傅里叶变换）或者用综合公式求解
注意：因式分解分母可分解成式子乘积或者分母分解成平方和常数的和
——————————————————————————
变换性质运用：
1、时域卷积：转换为频域相乘
2、时域相乘：转换为频域卷积（莫忘系数$\frac{1}{2 \pi}$！！！）
——————————————————————————
傅里叶变换技巧：
1、时域积分形式求解：转换成卷积，使用频域求解（凡是遇到积分的求解，都要想到转成卷积的形式）",中等,连续傅里叶变换
离散傅里叶变换求解,"非周期信号：（一般信号，差分信号，脉冲信号）
1、一般信号：应用分析公式，级数求和（等比数列求和）
2、冲激信号：应用分析公式，求和
3、应用离散傅里叶变换的性质（注意形式的拆分和组合）
——————————————————————————
非周期逆变换：
1、应用综合公式积分
2、应用离散傅里叶变换的性质（注意形式的拆分和组合），对频域的式子进行拆分，分别求逆变换
3、应用常用的傅里叶变换变换对
——————————————————————————
周期信号：（简单三角信号）
1、简单三角信号：展开成$e^{jw_0}$的形式，用展开公式（$e^{jw_0n} \leftrightarrow \sum_{l=-\infty}^{\infty}2\pi \delta(w-w_0-2\pi l)$），常数信号是$w_0$为0的形式（特殊）
注意：如果遇到在周期边界的情况，两边在级数中会合成一个，所以在单项的表示中两边分别是一半（常用）或者抹除掉其中一边
注意：离散傅里叶变换的结果是级数形式（因为离散傅里叶变换是$2\pi$周期的），如果将结果限制到一个$2\pi$范围内（在结果后面标注$w$的范围），就不需要表示成级数的形式
——————————————————————————
周期逆变换：
1、根据$e^{jw_0n} \leftrightarrow \sum_{l=-\infty}^{\infty}2\pi \delta(w-w_0-2\pi l)$逆推
——————————————————————————
性质运用：
1、应用离散傅里叶变换的性质
2、共轭对称性质（特别是实信号的傅里叶变换之间的对应关系，时域信号的奇偶性与频域信号的实虚性的对应关系）
3、平移性质只有整数才能应用；非整数可以根据实际式子展开求解；猜测：非整数的平移可以将离散信号转换为连续信号，对连续信号平移之后，再对平移后的连续信号进行重新取样<小蓝书P176 5-23证明>
4、如果是周期函数应用平移性质，注意平移是循环平移的（不要忽略单个周期之外的项）
——————————————————————————
离散傅里叶变换注意点：
1、变换后的重叠性！！！（因为离散傅里叶变换有周期性）",中等,离散傅里叶变换
希尔伯特变换,"0、希尔伯特变换：研究系统函数的约束特性，对于因果性的系统，系统函数的实部和虚部或者模与辐角之间具有某种制约的特性（即实部$R(w)$被已知的虚部$X(w)$惟一地确定，反过来也一样），这种特性以希尔伯特变换的形式体现（希尔伯特变换对：$R(\omega)=\frac{1}{\pi} \int_{-\infty}^{\infty} \frac{X(\lambda)}{\omega-\lambda} \mathrm{d} \lambda,X(\omega)=-\frac{1}{\pi} \int_{-\infty}^{\infty} \frac{R(\lambda)}{\omega-\lambda} \mathrm{d} \lambda$）（希尔伯特推导核心公式：$\mathscr{F}[h(t)]=\frac{1}{2 \pi}\{\mathscr{F}[h(t)] * \mathscr{F}[u(t)]\}$得到$R(\omega)+\mathrm{j} X(\omega)=\frac{1}{2 \pi}\left\{[R(\omega)+\mathrm{j} X(\omega)] *\left[\pi \delta(\omega)+\frac{1}{\mathrm{j} \omega}\right]\right\}$，实虚对应相等即可推导）
1、积分和卷积形式：$\int_{-\infty}^{\infty}\frac{x(\tau)}{\pi (t-\tau)}d\tau = x(t) * \frac{1}{\pi t}$
2、频域的表示：对于时域的$\frac{1}{\pi t}$，由$u(t)$的傅里叶变换为$\frac{1}{j \omega}+\pi \delta(\omega)$，得到$2u(t)-1 \leftrightarrow \frac{2}{j \omega}$，由傅里叶变换的对偶性，$\frac{1}{j t} \leftrightarrow \pi[2u(-\omega)-1 ]$，所以$\frac{1}{\pi t} \leftrightarrow j[2u(-\omega)-1 ]$（即正频域部分$X(jw)$系数为$-j$，负频域部分$X(jw)$系数为$j$，模在整个范围上都是1）",思路,连续傅里叶变换
实因果LTI系统，频域实部或虚部表征该系统,"已知频率响应实部：
1、对实信号：频率响应实部的傅里叶逆变换为时域信号的偶部（实信号可以分解成奇部和偶部两部分，偶部对应频率响应的实数，奇数部分对应频率响应的虚部）
2、对因果性：时域的负半轴的信号为0，可以由时域的偶部恢复出来非负半轴的所有信号，即整体的时域信号
3、时域信号求解傅里叶变换即为整体的频率响应
——————————————————————————
已知频率响应虚部（条件：连续信号0点不包含奇异函数；离散信号必须给出时域0点的值）
1、对实信号：频率响应虚部的傅里叶逆变换为时域信号的奇部（不要忘记虚部还得乘上$j$，这样的逆变换才是时域的奇部）（实信号可以分解成奇部和偶部两部分，偶部对应频率响应的实数，奇数部分对应频率响应的虚部）
2、对因果性：负半轴的信号为0，可以由时域的奇部恢复出来正半轴的信号（连续的除0点以外的的时域信号；离散的0点值需要给定）（对于0处的信号，连续和离散都只能由题目给定）
3、时域信号求解傅里叶变换即为整体的频率响应（对于连续信号， 单独的一个0点的缺失不影响积分的值，在0点不为奇异函数的条件下；对于离散信号，0点的值由题目给定的值来计算）
注意：区分连续与离散的情况
注意：由频率响应虚部恢复时0点信号的处理
——————————————————————————
注意：前提条件，实因果LTI",中等,"离散傅里叶变换, 连续傅里叶变换"
奈奎斯特频率,"时域信号的采样频率：（指定频率采样时样本点可以唯一确定）
1、一般信号：可以直接看出最大频率（对于加减的三角信号，其余的不赞成用这种，易出错），从而根据采样定理求得采样频率
2、复杂的信号：将时域信号转换为频域信号（参见连续信号的傅里叶变换），由频域的频率范围确定奈奎斯特频率和何时不会发生混叠
3、特性：如果频域是对称的，则指定的采样频率是边界频率的两倍
注意：奈奎斯特频率是针对带限信号来说的，非带限信号无论怎么采样都会混叠
注意：如果频域不是对称的，注意绘图进行辅助理解（不对称的频域，如果采样频率不是最大边界频率的两倍，可能不会混叠；严格来说采样频率应该大于最大频率和最小频率差值的绝对值）
注意：如果频域是离散的点，则采样频率应该大于（不包括等于，可以画图辅助理解）边界频率的两倍（对称情况下，非对称情况下绘图辅助理解）
——————————————————————————
判断信号能否依据采样定理恢复：
1、注意运用傅里叶变换的性质：
1.1、共轭对称性质：时域的实信号，偶数部分对应到频域有实偶特性，奇数部分对应到频域有虚奇特性，则如果当实信号的频域大于某一个值时为0，则小于某一个值时也为0
2、注意频率的判定是正负均有的
——————————————————————————
注意：对于信号频率看清是单边还是双边的，对于频率范围的表示有没有加绝对值
注意：采样频率应该加单位，$Hz$或者$rad/s$",中等,采样
实际采样与恢复,"采样：（针对连续信号进行采样）
0、保持采样原因：实际系统产生和传输窄而幅度大的脉冲（近似于冲激）都相当困难
1、零阶保持采样：在一个给定的瞬时对信号采样并保持这一个样本值，直到下一个点被采到为止
2、一阶保持采样：将时域上各个采样点使用直线相连即可
——————————————————————————
恢复：（内插）（针对冲激序列恢复信号）
1、零阶保持恢复：在时域上表现为一个冲击位置向$x$轴正方向作平行于$x$轴的线，直到下一次冲激位置，所构成的大致的图形
2、一阶保持恢复：在时域上表现为两个相邻的冲击位置连线，所构成的大致的图形",中等,采样
采样与恢复计算,"采样信号频谱：
1、计算采样信号的频域（采样信号一般为周期的冲击函数和；也有可能是方波信号，即非理想的采样）
2、计算待采样信号的频域（待采样信号的频域一般为有限长的）
3、计算采样信号与待采样信号的频域卷积（将有限信号频域以采样信号冲击的周期平移得到直观的采样后的信号），注意不要忘记参数$\frac 1{2\pi}$（采样为时域相乘，频域卷积，看到频域卷积就有$\frac 1{2\pi}$系数）
注意：注意卷积后$k$的取值，如果$k$不能取0，则原信号的位置是空的（即$a_0=0$时，或者说一个周期内的信号为奇信号）
——————————————————————————
采样后信号特征：（序列及其周期、傅里叶级数等特征）
1、求解序列：采样后的序列与采样前的连续函数的关系：$x[n]=x_c(nT)$
2、求解序列周期：已知输入信号是周期的，并且频域可以表示为有限的冲激序列（输入信号能够表示成傅里叶级数形式）， 将$x[n]$的连续冲激的傅里叶级数（由$x[n]=x_c(nT)$表示式，从连续信号的傅里叶级数推导至$x[n]$的傅里叶级数表示）与离散傅里叶级数标准形式（对照式）对比，得到$N$<序列周期>与$w_0$<原信号频率>与$T$<采样周期>的关系（原信号频率是$w_0$，经过采样并归一化之后，频率变为$w_0T$，与$\frac{2\pi}{N}$对比（具有相等关系）得到$N$）<小蓝书 P200>
3、当$x[n]$的傅里叶级数表示式的项数大于序列周期N时，说明是有一部分是重叠的（说明采样的频率太小了，导致采样后的信号重叠了），在表示傅里叶级数系数时要把这部分进行合并<小蓝书 P200>
——————————————————————————
恢复原信号设计：
1、搬移：使用$cosw_0t$对没有处于中心的图像搬移到中心（搬移到中心之后注意信号进行了叠加，幅度变为了原来的两倍）
2、放大：定义滤波器取中心段的信号，并使得滤波器与中心信号段相乘等于输入信号（恢复为原来的信号）的傅里叶变换即可",困难,采样
理想采样与恢复,"完整系统流程：
1、转换过程：输入信号→经过采样后的冲激串→转换成序列→转换成冲激串→滤波（通常取其中一个波）→输出信号
2、采样后的冲激串$x_p(t)$转换成序列$x[n]$：在频域表示为归一化（归成$2\pi$以内）问题，用冲激串的傅里叶变换转换（$X(j\omega)$）成离散的序列的傅里叶变换（$X(e^{j\Omega})$）,$\Omega$和$\omega$之间的关系为$\omega = \frac {\Omega}{T}$（直接代入到冲激串的傅里叶变换）（$T$一般是小于1的值，所以相当于将整个冲激串的频域图形做了压缩，并且是压缩到了$2\pi$以内；连续的冲激串转换成离散序列，只是将间隔为T的串，伸展成了间隔为1的序列，时域伸展，频域压缩）
3、$x[n],y[n]$之间的转换：完全离散的（符合大部分信号的实际运用场景，也是为什么这个系统很重要的原因）
4、序列$y[n]$转换成冲激串$y_p(t)$：在频域表示为延展问题（上述压缩后的信号恢复到原来应有的频域宽度），离散的序列的傅里叶变换（$Y(e^{j\Omega})$）转换成冲激串的傅里叶变换转换（$Y(j\omega)$），$\Omega$和$\omega$之间的关系为$\Omega=\omega T$（直接代入到离散序列傅里叶变换）（$T$一般是小于1的值，所以相当于将整个离散序列的频域图形做了伸展，并且是回到原有的频域范围；离散序列转换成连续的冲激串，只是将间隔为1的序列，伸展成了间隔为T的串，时域压缩，频域伸展）
5、信号的频域损失：信号的损失是在采样过程就发生了的，主要表现为高频信号有部分叠加到一起导致无法区分
6、信号的频域幅度：频域信号的幅度产生$\frac 1{T}$的变化，该变化是在采样的时候引入的，其中分子中的$2\pi$是在频域相乘时消掉的（冲激串的傅里叶级数）
7、连续角频率与离散角频率之间的关系$\Omega=\omega T$推导：由于采样信号可以表示为$x_{p}(t)=\sum_{n=-\infty}^{+\infty} x_{c}(n T) \delta(t-n T)$，由于$\delta(t-n T)$的傅里叶变换是$\mathrm{e}^{-\mathrm{j} \omega n T}$（注意这里没有用时域信号相乘频域卷积的性质，因为这里需要得到一个级数形式与离散的傅里叶变换进行对比），所以得到级数表示式$X_{p}(\mathrm{j} \omega)=\sum_{n=-\infty}^{+\infty} x_{c}(n T) \mathrm{e}^{-\mathrm{j} \omega n T}$，又因为离散的傅里叶变换表示式为$X_{d}\left(\mathrm{e}^{\mathrm{j} \Omega}\right)=\sum_{n=-\infty}^{+\infty} x_{d}[n] \mathrm{e}^{-\mathrm{j} \Omega n}$，并且在时域上有$x_{d}[n]=x_{c}(n T)$，所以将采样后的信号的离散傅里叶变换与连续傅里叶变换对比可以得到$\Omega=\omega T$
注意：采样后的冲激串转序列时，$u(nT) \rightarrow u[n]$",困难,采样
求解拉普拉斯变换,"拉普拉斯变换：
1、有限指数信号：（带有三角（注意三角展开成指数形式是含有$j$的），指数，阶跃信号（指数为0））转换成指数形式，利用常见的变换对（注意是左半边还是右半边信号）
2、有限的非指数信号：利用拉普拉斯变换定义式求解（可利用拉普拉斯变换的微分和积分性质，转换成较简单信号）
3、无限的三角信号：利用变换对求解
4、无限指数信号：利用特征值法求解
5、单向周期延拓的信号：先求解一个周期内的拉氏变换，对于延拓相当于与冲激序列卷积，也就是相当于在频域频移，时域的卷积和在频域求解乘积和即可（注意标注收敛域）
6、逆系统的拉普拉斯变换：频域零点和极点互换，时域$x$与$y$互换位置
注意：标注拉普拉斯变换的收敛域（$Re\{s\}$的形式）
——————————————————————————
单边拉普拉斯变换：
1、定义求解（利用拉普拉斯与单边拉普拉斯的关系）
2、时移或者微分后的信号的单边拉普拉斯：使用定义求解，可以使用原信号的积分表示其中的一部分<小蓝书 P237 7-36>
——————————————————————————
拉普拉斯逆变换：
1、部分分式展开：处理有理式（预处理：时移、频移）
2、围线积分法（利用留数定理）：不考吧
注意：时移和频移性质的运用
——————————————————————————
拉普拉斯变换收敛和收敛域的确定：
1、收敛：保证拉普拉斯分析式的实数部分积分值有限
2、收敛域：所有可以使拉普拉斯分析式收敛的值","中等, 重点",拉普拉斯变换
拉普拉斯收敛域,"拉普拉斯收敛域的性质：
1、频域相乘后的收敛域：取两个频域的$ROC$的交集；如果有零点和极点抵消的情况，$ROC$可能会扩大范围
2、右边信号、左边信号、有限信号和双边信号的收敛域特性：左右边信号收敛域与信号方向一致；有限信号收敛域为整个平面；双边信号收敛域为带状区域，或者不存在
3、因果信号收敛域的特性：$ROC$在右半平面（对于有限的因果信号，收敛域是全域）（即因果一定包含正无穷）
4、稳定系统（绝对可积）的收敛域特性：$ROC$包含$jw$轴
5、极点与收敛域的关系：收敛域中不包含任何的极点；极点是收敛域的边界
6、收敛域和有理式确定时域表达式：利用左右信号的$ROC$范围特性关系
7、时域有限的信号的收敛域特性：$ROC$为全平面
8、时域信号的积分为频域的零处的值：（频域和时域的对应关系，即傅里叶变换的对应关系）如果积分为有限值说明收敛域包括$s=0$（包含$jw$轴）
9、奇、偶信号的收敛域：由于偶函数信号为双边信号，所以偶函数的收敛域如果存在一定是带状，奇信号同理
注意：时移和频移性质的运用
注意：零点不影响拉普拉斯变换的$ROC$
——————————————————————————
会改变收敛域的性质：
1、频域相乘：$ROC$取两个频域信号的交集，如果存在零点和极点抵消的情况，而且刚好是抵消的决定ROC边界的部分，$ROC$会扩大范围
2、S域平移：$ROC$也会随着平移
3、时域反褶：$ROC$发生关于$y$轴的对称变换
4、时域积分：引入新的极点，$ROC$变为$\{ ROC \cap R \gt 0 \}$
5、尺度变换：尺度变换会对现有的零点和极点的位置放缩，如果变换的参数小于0，那么还会进行类似反褶的$ROC$变换
——————————————————————————
不会改变收敛域的性质：
1、时域平移：时移不会引入新的极点，并且是原信号是同类型（左右边）的信号，不改变$ROC$
2、时域微分：引入新的零点，不改变$ROC$",中等,拉普拉斯变换
零极图,"零极图的求解：（求解拉普拉斯变换或Z变换的零点和极点）（Z变换化简成正幂判断）
1、（有理式）零点：分子为0的点；若分母阶数大于分子阶数，则无穷远也有一个零点（可能带阶数）（零点为0）
2、（有理式）极点：分母为0的点；若分子阶数大于分母阶数，则无穷远也有一个极点（可能带阶数）（极点无穷大）
3、（非有理式的零点和极点）利用数学上的极限求解；或者分子分母分别等于0来求解零点和极点，可能会发生抵消
注意：实信号的非实数极点和零点分别是共轭对称的，除非是在实轴上（$X(s)=X^*(s^*)$，对于零点共轭对称的情况，当$X(s)$为零时$X(s^*)$也是零；对于极点共轭对称的情况，将$X(s),X^*(s^*)$分别取倒数相等，与零点讨论一致）
注意：无穷远点处的零点和极点容易忽略
问题：正无穷和负无穷的极点算是一个吗？是的
——————————————————————————
零极图的变换：（拉氏变换）
1、构造具有相同幅频的拉普拉斯变换有理式表示：将零极点按照$y$轴对称变换，不会改变有理式的幅频特性
2、构造具有相同相频的拉普拉斯变换有理式表示：
2.1、单个极点的变换：将极点或者零点按照$y$轴对称变换，如果是变换的极点，分子需要补$s^2$（y轴对称变换之后角度变为原来（$\theta$）的$\pi - \theta$，分子补$s^2$或者补$-1$（也能使得分子角度为$\pi$），则分子角度增加了$\pi$，所以总的$\pi - [\pi - \theta] = \theta$，可与原先一致）；如果变换的是零点？
2.2、零点与极点成对变换：极点与零点互换身份，相角的差值不会改变（变换之前：$\theta - \alpha$，变换之后：$[\pi - \alpha] - [\pi - \theta] $），从而具有相同的相频
——————————————————————————
判定连续傅里叶变换的性质：（拉氏变换）
1、幅频的求解：分子的模除以分母的模，$s$在$y$轴上移动时的变化情况
2、相频的求解：分子的角度减去分母的角度，$s$在$y$轴上移动时的变化情况
3、如果零点或者极点是纵向排列且是无限的，则幅频和相频都是周期的，周期为极点或者零点的间隔；在$w$与极点或零点处于同一水平位置时，此时绝对值的积最小，相频为0（导致幅频值最大或者最小，取决于排列的是极点还是零点）（问题：如何证明）
注意：低通（低频高），高通（高频高）、带通（低频和高频处很低，低频低的不明显的算低通）
——————————————————————————
判定离散傅里叶变换的性质：（Z变换）
1、幅频的求解：分子的模除以分母的模，$z$在单位圆上移动时变化的情况
2、相频的求解：分子的角度减去分母的角度，$z$在单位圆上移动时变化的情况
3、如果零点或者极点是圆周排列的，则幅频和相频都是周期的，周期为极点或者零点的间隔；在$\theta$与极点或零点处于同一条极坐标直线位置时，此时绝对值的积最小，相频为0（导致幅频值最大或者最小，取决于排列的是极点还是零点）（问题：如何证明）
4、如果是有限个零点或者极点对称排列：当在$\theta$与极点或零点处于同一条极坐标直线位置时，此时绝对值的积最小
注意：低通（低频高），高通（高频高）、带通（低频和高频处很低，低频低的不明显的算低通）
备注：全通系统有时分析可以用三角形相似性质或者数学上的余弦公式<参见小绿书8-25>
备注：根据收敛域写$H(z)$时不要忘记常系数$K$",中等,"Z变换, 拉普拉斯变换"
根据电路图求解系统函数/电路的分析,"1、电容：电流与电压变化率的关系（$v_{C}(t)=\frac{1}{C} \int_{-\infty}^{t} i_{c}(\tau) d \tau \Rightarrow i_{C}(t)=C \frac{d v_{C}(t)}{d t} \Rightarrow I_{C}(s)=s C V_{C}(s)-C v_{C}\left(0^{-}\right)$；$ V_{C}(s)=\frac{1}{s C} I_{C}(s)+\frac{1}{s} v_{c}\left(0_{-}\right)$）（在计算电流）（电容等效源电压的部分为$\frac{1}{s} v_{c}\left(0_{-}\right)$，方向与原电压$v_{c}\left(0_{-}\right)$方向相同）
2、电感：电压与电流变化率的关系（$v_{L}(t)=L \frac{d i_{L}(t)}{d t} \Rightarrow V_{L}(s)=L (s I_{L}(s)- i_{L}\left(0_{-})\right)$；$I_{L}(s)=\frac{1}{s L} V_{L}(s)+\frac{1}{s} i_{L}\left(0^{-}\right)$）（电感等效源电压的部分为$- L i_{L}\left(0_{-}\right)$，方向与原电流$i_{L}\left(0_{-}\right)$方向相反）
3、电阻：电压与电流的线性关系（$v_{R}(t)=R i_{R}(t)\Rightarrow V_{R}(s)=R I_{R}(s)$）
4、回路电流和回路电压方程：画出电路的S域模型，并将初始条件转换为源电压；列出来各个回路的KCL方程，联立求解
5、稳态情况：当存在电感的电路达到稳态时（具有恒压源之类的），电感相当于导线，不会对电路造成影响","中等, 重点",拉普拉斯变换
状态方程定义与建立,"相关定义：
1、状态变量：二阶系统状态变量$x_1(t),x_2(t)$，激励（输入变量）为$e(t)$，输出变量为$y_1(t),y_2(t)$（输出不一定是二阶）（状态变量是描述系统所需的最少的一组变量，根据这组变量在$t=t_0$时刻的值和系统的激励，就可以唯一确定系统在$t≥t_0$后任意时刻的响应）
2、状态方程：状态变量的一阶导数（离散时是状态变量的单位延时）与状态变量及输入变量之间的关系（方程左端是状态变量的一阶导数，右端是用状态变量和输入信号表示，方程不包含微分和积分运算）（状态方程描述了系统内部的状态）（状态方程描述了状态响应）
3、输出方程：输出变量与输入变量之间的关系（方程中不包含变量的微分和积分运算）（输出方程描述了系统的输入输出关系）（输出方程描述了输出响应）
4、方程表达式：$\begin{aligned}&\dot{x}(t)=A(t) x(t)+B(t) v(t) \\&y(t)=C(t) x(t)+D(t) v(t)\end{aligned}$，在状态方程中，$A(t)$是一个$N*N$的矩阵，$x(t)$是列状态变量，$B(t)$是一个$N$行的列向量，$v(t)$是关于$t$的输入函数变量，$C(t)$是一个$N$列的行向量，$D(t)$是一个关于$t$的实数函数变量，展开描述为$\begin{aligned}&\dot{x}_{1}(t)=a_{11} x_{1}(t)+a_{12} x_{2}(t)+\cdots+a_{1 N} x_{N}(t)+b_{1} v(t) \\&\dot{x}_{2}(t)=a_{21} x_{1}(t)+a_{22} x_{2}(t)+\cdots+a_{2 N} x_{N}(t)+b_{2} v(t) \\&\vdots \\&\dot{x}_{N}(t)=a_{N 1} x_{1}(t)+a_{N 2} x_{2}(t)+\cdots+a_{N N} x_{N}(t)+b_{N} v(t)\end{aligned}$和$y(t)=c_{1} x_{1}(t)+c_{2} x_{2}(t)+\cdots+c_{N} x_{N}(t)+d v(t)$
——————————————————————————
由电路图建立状态方程：
1、状态变量选取：将电容电压，电感电流设为状态变量
2、建立状态方程：根据$KCL$和$KVL$建立电路的方程关系，化简得到状态方程（n个方程组成的方程组）
3、建立输出方程：根据电路的方程电压电流关系获取到输出和电容电流电压（即状态变量）的关系（1个方程）
——————————————————————————
由系统框图或者信号流图建立状态方程：
1、状态变量选取：选取积分器的输出为状态变量，对方框图或者信号流图进行标注
2、建立状态方程：建立状态变量的导数与其它状态变量的关系，得到状态方程（n个方程组成的方程组）
3、建立输出方程：由输出节点与状态变量之间的关系建立输出方程（1个方程）
注意：对于信号流图，从一个多输入节点取值，是取的该节点多输入相加后的值
——————————————————————————
由微分方程建立状态方程：（或者说是由H(S)建立状态方程）
1、获取到系统的H(S)：H(S)表示成有理式形式，分子分母同时乘X(s)，拆分成分子分母两个微分方程
2、状态变量选取：按照x(t)从低阶到高阶，依次设状态变量$x_1(t)$、$x_1(t)$、$\cdots$、$x_n(t)$
3、建立状态方程：由设置状态变量的规则得到的有状态变量之间的导数关系（n-1个方程）和由分母建立的微分方程得到的输入与状态变量的关系（1个方程）得到状态方程（n个方程组成的方程组）
4、建立输出方程：由分子建立的微分方程得到的输出与状态变量的关系（1个方程）（需要化简至不存在状态变量的导数形式）","中等, 重点",拉普拉斯变换
状态方程基础与时域求解,"状态方程求解基础：
1、矩阵指数式：$e^{A t}=I+A t+\frac{A^{2} t^{2}}{2 !}+\frac{A^{3} t^{3}}{3 !}+\frac{A^{4} t^{4}}{4 !}+\cdots$，其中$A$是矩阵
2、矩阵指数的导数性质：$\frac{d}{d t} e^{A t} =A+A^{2} t+\frac{A^{3} t^{2}}{2 !}+\frac{A^{4} t^{3}}{3 !}+\cdots=A(I+A t+\frac{A^{2} t^{2}}{2 !}+\frac{A^{3} t^{3}}{3 !}+\cdots)  = A e^{A t}=e^{A t} A$（其实与指数的直接求导是一致的）
3、导数性质与解的关系：$\dot{x}(t)=A x(t), \quad t>0$的解就是$x(t)=e^{A t} x(0), \quad t \geq 0$（由矩阵指数导数的对应关系对比得到的，其中$x(0)$常系数是为了保证等号成立），其中$e^{A t}$被称为系统的状态转换矩阵
4、待解的方程表示：$\begin{aligned}&\dot{x}(t)=A x(t)+B v(t) \\&y(t)=C x(t)+D v(t)\end{aligned}$
——————————————————————————
连续时间系统状态方程的求解：（时域法）
1、状态方程推导过程：对于方程$\dot{x}(t)=A x(t)+B v(t)$，两边同时左乘$e^{-A t}$，得到$e^{-A t}[\dot{x}(t)-A x(t)]=e^{-A t} B v(t)$，移位化简得到$\frac{d}{d t}\left[e^{-A t} x(t)\right]=e^{-A t} B v(t)$，两边同时积分得到$e^{-A t} x(t)=x(0)+\int_{0}^{t} e^{-A \lambda} B v(\lambda) d \lambda$，化简为$x(t)=e^{A t} x(0)+\int_{0}^{t} e^{A(t-\lambda)} B v(\lambda) d \lambda, \quad t \geq 0$，积分转成卷积形式可得$x(t)=e^{A t} x(0)+e^{A t} * B v(t), \quad t \geq 0$
2、状态方程求解结果：$x(t)=e^{A t} x(0)+\int_{0}^{t} e^{A(t-\lambda)} B v(\lambda) d \lambda, \quad t \geq 0$（卷积形式$x(t)=e^{A t} x(0)+e^{A t} * B v(t), \quad t \geq 0$）
3、输出方程推导过程：对于方程$y(t)=C x(t)+D v(t)$和状态方程解的推导过程，可以得到$y(t)=C e^{A t} x(0)+\int_{0}^{t} C e^{A(t-\lambda)} B v(\lambda) d \lambda+D v(t), \quad t \geq 0$，依据单位冲激响应，方程可以重写为$y(t)=C e^{A t} x(0)+\int_{0}^{t}\left\{C e^{A(t-\lambda)} B v(\lambda)+D \delta(t-\lambda) v(\lambda)\right\} d \lambda, \quad t \geq 0$，所以零输入响应和零状态响应分别是$y_{z i}(t)=C e^{A t} x(0)$和$y_{z s}(t)=\int_{0}^{t}\left\{C e^{A(t-\lambda)} B v(\lambda)+D \delta(t-\lambda) v(\lambda)\right\} d \lambda=\left\lfloor C e^{A t} B+D \delta(t)\right\rfloor * v(t)$，单位冲激响应为$h(t)=C e^{A t} B+D \delta(t), \quad t \geq 0$
4、输出方程求解结果：$y(t)=C e^{A t} x(0)+\int_{0}^{t}\left\{C e^{A(t-\lambda)} B v(\lambda)+D \delta(t-\lambda) v(\lambda)\right\} d \lambda, \quad t \geq 0$
4.1、零输入响应：$y_{z i}(t)=C e^{A t} x(0)$
4.2、零状态响应：$y_{z s}(t)=\int_{0}^{t}\left\{C e^{A(t-\lambda)} B v(\lambda)+D \delta(t-\lambda) v(\lambda)\right\} d \lambda=\left\lfloor C e^{A t} B+D \delta(t)\right\rfloor * v(t)$
4.3、单位冲激响应：$h(t)=C e^{A t} B+D \delta(t), \quad t \geq 0$","中等, 重点",拉普拉斯变换
,"连续时间系统状态方程的求解：（拉普拉斯变换法）
1、状态方程推导过程：对于方程$\dot{x}(t)=A x(t)+B v(t)$两边做单边拉氏变换得到$s X(s)-x(0)=A X(s)+B V(s)$，化简得到$X(s)=(s I-A)^{-1} x(0)+(s I-A)^{-1} B V(s)$，与时域的求解对比可以得到$e^{A t}$的拉氏变换是$(s I-A)^{-1}$
2、状态方程求解结果：$X(s)=(s I-A)^{-1} x(0)+(s I-A)^{-1} B V(s)$
3、输出方程推导过程：对于方程$y(t)=C x(t)+D v(t)$两边做拉氏变换得到$Y(s)=C X(s)+D V(s)$，代入状态方程的求解结果得到$Y(s)=C(s I-A)^{-1} x(0)+\left[C(s I-A)^{-1} B+D\right] V(s)$，如果$x(0)=0$，可以得到$Y(s)=Y_{z s}(s)=H(s) V(s)$，与结果对比可以得到系统函数为$H(s)=C(s I-A)^{-1} B+D$
4、输出方程求解结果：$Y(s)=C(s I-A)^{-1} x(0)+\left[C(s I-A)^{-1} B+D\right] V(s)$
4.1、零输入响应：$Y_{z i}(s)=C(s I-A)^{-1} x(0)$
4.2、零状态响应：$Y_{z s}(s)=\left[C(s I-A)^{-1} B+D\right] V(s) $
4.3、系统函数：$H(s)=C(s I-A)^{-1} B+D$
备注：求解$(s I-A)^{-1}$时可以利用线代中的伴随矩阵快速求逆（不容易出错）
备注：利用$H(s)$求解微分方程时，如果系统是二阶的，需要注意$H(s)$不可以通分化简成一阶的式子
注意：当求$e^{A t}$的表达式时，求解出结果之后可以通过$\frac{d\phi(t)}{dt}|_{t=0}=Ae^{A t}|_{t=0}=A$是否能还原成$A$进行验证
——————————————————————————
离散时间系统状态方程的求解：（$Z$变换法）
1、状态方程的推导过程：对于方程${x}[n+1]=A x[n]+B v[n]$，两边同时做Z变换得到$z X(z)-zx(0)=A X(z)+B V(z)$，化简得到$X(z)=(z I-A)^{-1} z x[0]+(z I-A)^{-1} B V(z)$，与时域的求解对比可以得到状态过渡矩阵$\phi[k]=A^n$的Z变换是$(z I-A)^{-1} z$（离散的时域求解很难计算应该是不会考到的，考到就放弃，淦）（注意状态过渡矩阵这个新名词，类似于连续的系统状态转换矩阵）
2、状态方程求解结果：$X(z)=(z I-A)^{-1} z x[0]+(z I-A)^{-1} B V(z)$
3、输出方程求解结果：$Y(z)=C(z I-A)^{-1} z x[0]+\left[C(z I-A)^{-1} B+D\right] V(z)$
4、系统函数：$H(z)=C(z I-A)^{-1} B+D$（ppt上叫transfer function matrix）
注意：如果题目需要求解单位脉冲响应可以通过$h[n]= \begin{cases}D, & n=0 \\ C A^{n-1} B, & n \geq 1\end{cases}$来验证结果（验证$n=0$时的结果）
注意：如果求解状态过渡矩阵$\phi[k]=A^n$可以将A代入进行验证（在A是对角阵的情况下好验证）","中等, 重点","Z变换, 拉普拉斯变换"
频域分析系统性质,"$S$域-稳定性：
1、判断ROC是否包含$jw$轴
——————————————————————————
$S$域-因果性：
1、判断ROC是否是右边的（可以不包括$jw$轴），包括无穷大
——————————————————————————
$Z$域稳定性：
1、判断ROC是否包含单位圆
——————————————————————————
$Z$域因果性：
1、判断ROC是否是某个圆外的（可以不包括单位圆），包括无穷远
备注：Z域因果性的判断需要结合ROC和幂级数？？<参见小绿书8-20>
——————————————————————————
注意：性质的运用及其性质对ROC的影响",中等,"Z变换, 拉普拉斯变换"
初值定理求解时域的初值,"拉氏变换的初值、终值定理：
1、初值求解：$x\left(0^{+}\right)=\lim_{s \rightarrow \infty} s X(s)$（其中$X(s)$为真分式）（当分子阶次大于分母阶次时，需要用长除法求解出来真分式（排除掉冲激或者高阶奇异函数），求解真分式的初值）（其中$s=\infty$在收敛域内，因为求的是$s=\infty$处的极限）
2、终值求解：$\lim _{t \rightarrow \infty}x(t)=\lim _{s \rightarrow 0} s X(s)$（其中$s=0$在收敛域内，因为求的是$s=0$处的极限）
3、注意事项：$t<0$时，$x(t)=0$，且在$0$处不包含任何冲激或者高阶奇异函数；$X(s)$中分母为零的所有根的实部必须为负值；$X(s)$中原点处不能有多于一个极点（why？？）
注意：真分式展开之后，每一项都是真分式，不包含常数项或者$s$的多项式，意味着冲激响应在$t=0$处不包含冲激函数及其导数
备注：拉氏变换的初值定理证明（泰勒级数展开，求解每一项的拉氏变换）<小绿书7-32>
——————————————————————————
Z变换的初值、终值定理：
1、初值求解：$x\left[0\right]=\lim_{z \rightarrow \infty} X(z)$（如果初值是有限值，那么分子的阶数不高于分母阶数；或者说零点个数不多于极点个数）（更一般的$x[m]=\lim _{z \rightarrow \infty} z^{m}\left[X(z)-\sum_{k=0}^{m-1} x[k] z^{-k}\right],|z|>\alpha$）
2、终值定理：$\lim _{n \rightarrow \infty} x[{n}]=\lim _{z \rightarrow 1}\left(1-z^{-1}\right) X(z)$（$\lim _{k \rightarrow \infty} x[k]$收敛，并且$|z|>\alpha(0<\alpha<1)$）
3、注意事项：
备注：$Z$变换的初值定理证明（Z变换级数形式）：<小绿书8-29>
——————————————————————————",中等,"Z变换, 拉普拉斯变换"
系统方框图,"线性系统框图：
1、基本运算器：加法器$\oplus$、标量乘法器$a$、积分器$s^{-1}$（延迟器$z^{-1}$，时域表示为$D$）
2、框图的表示：级联（频域相乘）、并联（频域相加）、反馈
——————————————————————————
方框图的绘制：
1、直接型表示：将频域有理式分为上下上下两部分，设中间信号将两部分分开画图，然后利用中间信号的关系将两部分合并
（$S$域绘制：对于下边的部分，先将主路线画出来（输入后边的加法器的输入即是输出信号的最高阶微分形式，此后每经过一个积分器，就少一阶，直到输出信号），将信号表示为微分形式（时域）之后，将最高阶微分表示为其它所有内容相加的形式，其中之一包括输入，其它均为不同阶微分的反馈信号，即将对应阶的信号整上标量乘法器连接到加法器即可，总体来说整个分析以输入端的加法器为核心；对于上边的部分，因为已经画出来了每一阶的微分形式，上边的信号相当于就是取每一阶微分（因为上边信号就是$s^az(t)$形式，也就是$z(t)$的$a$阶微分），然后合并输出，所以上边的部分是以输出端的加法器为核心的）
（$Z$域绘制：对于下边的部分，先将主路线画出来（输入后边的加法器的输入即是输出信号的没有时移的形式，此后每经过一个延迟器，就多一个延时1，直到最高延迟（这即是主路线）），将信号表示为延时形式（时域）之后，将没有时移的形式表示为其它所有内容相加的形式，其中之一包括输入，其它均为不同时移的反馈信号，即将对应时移的信号整上标量乘法器连接到加法器即可，总体来说整个分析以输入端的加法器为核心；对于上边的部分，因为已经画出来了每种时移形式，上边的信号相当于就是取每一种时移（因为上边信号就是$z^{-a}z(t)$形式，也就是$z(t)$的$a$次时移），然后合并输出，所以上边的部分是以输出端的加法器为核心的）<小绿书7-16><小绿书8-15>
2、级联型表示：将频域有理式分解为多项相乘形式，画出每一项的直接型表示然后级联（首尾连接）
3、并联型表示：将频域有理式分解为多项相加形式，画出每一项的直接型表示然后并联（用加法器合并）
注意：方框图的除了积分器和延迟器部分，其它均用时域信号表示
——————————————————————————
根据方框图求解S系统方程：
1、设中间信号
2、联立频域方程求解
——————————————————————————","中等, 绘图","Z变换, 拉普拉斯变换"
信号流图,"信号流图相关定义：
1、信号流图：用线图结构来描述线性方程组变量之间的因果关系
2、结点：表示信号变量的点
3、支路与支路传输值：支路表示信号变量之间因果关系的有向线段；支路传输值表示支路因果变量之间的转移函数
4、入支路与出支路：入支路为流向结点的支路；除支路为流出结点的支路
5、源节点与汇节点：源节点是仅有出支路的节点，通常源结点表示输入激励信号；仅有入支路的结点，通常汇结点表示输出响应信号（有时需要加上一根传输值为1的有向线段）
6、闭环与自环：闭环是信号流通的闭合路径；自环是仅包含有一条支路的闭环
7、开路径与前向路径：开路径是从某一结点连续经一些顺向（有向线段的方向一致）路径至另一结点；前向路径是由源节点到汇结点不包含任何环路的信号流通途径
——————————————————————————
信号流图化简规则：（目的：将流图逐步简化, 最终在激励与输出间仅有一 条支路, 从而直接得出输出与激励的关系）
1、支路串联：支路传输值相乘
2、支路并联：支路传输值相加
3、结点消除：开始结点到目的结点的路径上的支路传输值相乘，如果有多条路径，则各个路径的相乘值再相加
4、自环消除：在具有自环的结点上列输入输出的方程化简即可（获取到前一个结点到具有自环的结点的支路传输值）
——————————————————————————
由方程作流图：
1、首先把方程式写成因果关系式：果=f（因）
2、方程式中的各个变量用“O”表示，称作结点
3、变量之间的因果关系用线段来表示，称作支路
特点：有向，因→果（支路的方向表示信号流动的方向）；支路旁边标上因变量的系数（传输值）；每一个结点的变量等于流入它的变量与相应支路传输值的乘积的代数和
——————————————————————————
由框图作流图：
1、用变量表示结点
2、方框用支路代替，且有向支路旁边记上传输值
3、加法器用“O”表示叫做和点
——————————————————————————
由电路图作流图：
1、选回路电流及节点电压为信号变量，找出从输入到输出的流程
2、列方程组
3、作流图","中等, 重点","Z变换, 拉普拉斯变换"
梅森公式化简信号流图或者框图,"公式：$H=\frac{1}{\Delta} \sum_{k} G_{k} \Delta_{k}$，其中$\Delta=1-\sum_{i} L_{i}+\sum_{i, j} L_{i} L_{j}-\sum_{i, j, k} L_{i} L_{j} L_{k}+\cdots$（特征行列式）
参数解释：
1、特征行列式：$\Delta=1-$（所有不同环路的增益之和）+（每两个互不接触环路增益乘积之和）-（每三个互不接触环路增益乘积之和）$+\cdots$
2、$k$：表示由输入节点到输出节点之间第$k$条前向通路的标号
3、$G_{k}$：表示由输入节点到输出节点之间第$k$条前向通路的增益
4、$\Delta_{k}$：称为对与第$k$条前向通路特征行列式的余因子；它是除去与第$k$条前向通路相接触（接触就算）的环路外，余下的特征行列式（注意特征行列式的计算即可）",中等,"Z变换, 拉普拉斯变换"
Z变换求解,"Z变换求解：
1、单边级数信号：利用常见的变换对（注意是左半边还是右半边信号）
2、双边级数信号（项中没有绝对值，否则就不是无限级数信号，此时需要分开讨论）：利用特征值法求解
3、有限级数信号：定义求解，收敛域可能不包括$z=0$或者$z=\infty$（除非定义求解的结果与$z$无关则是全平面收敛的）
注意：标注$Z$变换的收敛域（$|Z|$的形式）
注意：$Z$变换性质的运用（注意平移性质可能会增加零点或者极点（无穷远和$(0,0)$处））
注意：（多阶）零点与（多阶）极点抵消的情况
——————————————————————————
逆系统的Z变换：
1、频域：零点和极点互换
2、时域：$x$与$y$互换位置
——————————————————————————
求解单边Z变换：
1、定义求解（利用Z变换与单边Z变换的关系）
2、时移或者微分后的信号的单边Z变换：使用定义求解，可以使用原信号的级数表示其中的一部分（平移后从负域平移到正域所应该增加的部分，或者从正域平移到负域所应该减少的部分）
——————————————————————————
求解Z逆变换：
1、部分分式展开：处理有理式（预处理：时移、频移）
2、围线积分法（利用留数定理）：（注意$z=0$这个点）大概不考
3、幂级数展开法：右边序列时，多项式按照z的降幂排列（$z^{-1}$升幂排）；左边序列时，多项式按照z的升幂排列（$z^{-1}$降幂排）
4、长除法：求解时域的特定点的值
注意：时移和频移性质的运用
——————————————————————————
收敛和收敛域的确定：
1、收敛：保证Z变换分析式中级数项的实数部分（取绝对值）值小于1
2、收敛域：所有可以使$Z$变换的值
注意：从负无穷到正无穷的级数分开讨论时不要忘记零点的值
注意：级数展开中是否含有正幂或者负幂项（会导致零点或者无穷远点不收敛）","中等, 重点",Z变换
Z变换收敛域的性质,"Z变换收敛域的性质：
1、频域相乘后的收敛域：取两个频域的$ROC$的交集；如果有零点和极点抵消的情况，$ROC$可能会扩大范围
2、右边信号、左边信号、有限信号和双边信号的收敛域特性：左右边信号收敛域与信号一致（左边为圆内，右边为圆外）；有限信号收敛域为整个平面（可能不包括$z=0$或者$z=\infty$）；双边信号的收敛域为一个圆环形区域，或者不存在
3、因果信号收敛域的特性：$ROC$在某个圆的外面
4、稳定系统（绝对可积）的收敛域特性：$ROC$包含单位圆
5、极点与收敛域的关系：收敛域中不包含任何的极点；极点是收敛域的边界
6、收敛域和有理式确定时域表达式：利用左右信号的$ROC$特性
7、时域有限的信号的收敛域特性：$ROC$为全平面（可能不包括$z=0$或者$z=\infty$）
8、时域信号的级数和为频域的角度为0，幅度为1处的值：如果级数为有限值说明收敛域包括单位圆
9、奇、偶信号的收敛域：由于偶函数信号为双边信号，所以偶函数的收敛域如果存在一定是圆环状，奇函数类似
注意：时移性质的运用
注意：零点不影响Z变换的$ROC$
——————————————————————————
变换后的Z变换收敛域：
会改变收敛域的性质：
1、频域相乘：$ROC$取两个频域信号的交集，如果存在零点和极点抵消的情况，而且刚好是抵消的决定ROC边界的部分，$ROC$会扩大范围
2、$Z$域尺度变换：$z_0^{n} x[n] \leftrightarrow X\left(\frac{z}{z_0}\right)$，收敛域变为$z_0R$，即常数部分$|z_0|$相当于对原收敛域进行了放缩（对收敛域的范围有影响）；指数部分相当于对原来的收敛域做了旋转（对极值和零值的位置有影响）
3、时域反褶：$ROC$发生关于单位圆的对称变换（$R^{-1}$，即$R$中$z^{-1}$点的集合）
4、时域扩展变换：插值扩展变换公式$x_{(k)}[n]=\left\{\begin{array}{l}
x[n / k] \\
0
\end{array} \leftrightarrow X\left(z^{k}\right)\right.$，扩展变换会对现有的零点和极点的位置进行指数倍（指数小于0，即$\frac 1 k$）放缩
不会改变收敛域的性质：
1、$Z$域微分：引入新的零点，不改变$ROC$
2、共轭：共轭会对现有的零点和极点分别进行共轭变换
可能会改变收敛域的性质：
1、时域平移：时移可能会导致$z=0$或者$z=\infty$加入到ROC或者从ROC中去除",中等,Z变换
频率响应与微分方程,"连续信号方程：（拉氏变换）
1、时域频域互转依据：$x^{\prime}(t) \leftrightarrow s X(s)$
2、微分方程和频率响应对照公式：$\sum_{k=0}^{N} a_{k} \frac{\mathrm{d}^{k} y(t)}{\mathrm{d} t^{k}}=\sum_{k=0}^{M} b_{k} \frac{\mathrm{d}^{k} x(t)}{\mathrm{d} t^{k}}$，$\left(\sum_{k=0}^{N} a_{k} s^{k}\right) Y(s)=\left(\sum_{k=0}^{M} b_{k} s^{k}\right) X(s)$，$H(s)=\frac{\left\{\sum_{k=0}^{M} b_{k} s^{k}\right\}}{\left\{\sum_{k=0}^{N} a_{k} s^{k}\right\}}$
3、关于逆系统求解：x与y的位置直接倒换即可（是否需要其它条件判断？）
——————————————————————————
离散信号方程：（Z变换）
1、时域频域互转依据：$x[k \pm m] \leftrightarrow z^{\pm m} X(z)$
2、微分方程和频率响应对照公式：$\sum_{k=0}^{N} a_{k} y[n-k]=\sum_{k=0}^{M} b_{k} x[n-k]$，$\sum_{k=0}^{N} a_{k} z^{-k} Y(z)=\sum_{k=0}^{M} b_{k} z^{-k} X(z)$，$H(z)=\frac{Y(z)}{X(z)}=\frac{\sum_{k=0}^{M} b_{k} z^{-k}}{\sum_{k=0}^{N} a_{k} z^{-k}}$
3、关于逆系统求解：x与y的位置直接倒换即可
——————————————————————————
连续信号方程：（连续傅里叶变换）
1、时域频域互转依据：$x^{\prime}(t) \leftrightarrow j \omega X(j \omega)$
2、微分方程和频率响应对照公式：$\sum_{k=0}^{N} a_{k} \frac{\mathrm{d}^{k} y(t)}{\mathrm{d} t^{k}}=\sum_{k=0}^{M} b_{k} \frac{\mathrm{d}^{k} x(t)}{\mathrm{d} t^{k}}$，$Y(\mathrm{j} \omega)\left[\sum_{k=0}^{N} a_{k}(\mathrm{j} \omega)^{k}\right]=X(\mathrm{j} \omega)\left[\sum_{k=0}^{M} b_{k}(\mathrm{j} \omega)^{k}\right]$，$H(\mathrm{j} \omega)=\frac{Y(\mathrm{j} \omega)}{X(\mathrm{j} \omega)}=\frac{\sum_{k=0}^{M} b_{k}(\mathrm{j} \omega)^{k}}{\sum_{k=0}^{N} a_{k}(j \omega)^{k}}$
3、关于逆系统求解：x与y的位置直接倒换即可（是否需要其它条件判断？）
——————————————————————————
离散信号方程：（离散傅里叶变换）
1、时域频域互转依据：$x[n \pm n_0] \leftrightarrow e^{\pm j \omega n_0} X\left(e^{j \omega }\right) $
2、微分方程和频率响应对照公式：$\sum_{k=0}^{N} a_{k} y[n-k]=\sum_{k=0}^{M} b_{k} x[n-k]$，$\sum_{k=0}^{N} a_{k} \mathrm{e}^{-\mathrm{j} k \omega} Y\left(\mathrm{e}^{\mathrm{j} \omega}\right)=\sum_{k=0}^{M} b_{k} \mathrm{e}^{-\mathrm{j} k \omega} X\left(\mathrm{e}^{\mathrm{j} \omega}\right)$，$H\left(\mathrm{e}^{\mathrm{j} \omega}\right)=\frac{Y\left(\mathrm{e}^{\mathrm{j} \omega}\right)}{X\left(\mathrm{e}^{\mathrm{j} \omega}\right)}=\frac{\sum_{k=0}^{M} b_{k} \mathrm{e}^{-\mathrm{j} k \omega}}{\sum_{k=0}^{N} a_{k} \mathrm{e}^{-\mathrm{j} k \omega}}$
3、关于逆系统求解：x与y的位置直接倒换即可
——————————————————————————","疑问, 简单",Z变换
求解系统的状态响应,"状态响应定义：
1、零状态响应：初始状态为0
2、零输入响应：输入为0
3、非零初始状态方程的解：零状态响应和零输入响应的叠加
4、自然响应（固有形式）：体现系统固有的响应形式A（零输入响应的形式），包含全部零输入响应，以及一部分零状态响应（是形式为A的那部分零状态响应，即表示输入也会产生类似于零输入响应的形式）（零状态响应即初始状态为0的输入响应，也包含了一部分系统的特性响应，万花丛中过，没有片叶不沾身）
5、受迫响应（输入形式）：体现数励信号的形式B（除零输入响应外的形式），包含一部分零状态响应（是形式为B的那部分零状态响应，即需要求掉输入产生的类似于零输入响应的形式的部分）
6、自由响应（自然响应）：齐次解，仅与系统本身的特性有关，与激励函数的形式无关，也称固有响应
7、强迫响应（受迫响应）：特解，与激励的函数形式有关，只含有外加激励频率的响应
8、暂态响应：随着时间推进，系统全响应中信号能量逐断趋于无穷小或消失的部分
9、稳态响应：随着时间推进，系统全响应中信号能量始终趋于有限制或存在的部分
注意：当求解零输入响应时，可以根据方程的特征方程设方程求解（离散和连续均可），当系统是因果系统时，设的方程需要加上$u[n]$的限制（因为因果系统有输出落后于输入，负轴上还没有输入，此时就不能有输出）（一般默认都是因果的，考虑一下也可以）
——————————————————————————
S系统状态响应求解：（单边拉普拉斯变换法）
1、求解的变换依据：单边拉氏变换
2、求解的性质依据：$x^{\prime}(t) \leftrightarrow s X(s)-x\left(0^{-}\right)$；$x^{\prime \prime}(t) \leftrightarrow s^{2} X(s)-s x\left(0^{-}\right)-x^{\prime}\left(0^{-}\right)$；$x^{(n)}(t) \leftrightarrow s^{n} X(s)-\sum_{k=0}^{n-1}s^{n-k-1}x^{(k)}(0^-)$（记忆：后边减去的排列中，$s$的阶数是逐级递减的，$x\left(0^{-}\right)$的阶数是从0开始逐级递增的，排列即可）
3、求解：对微分方程两边同时做单边拉氏变换（同时得到零状态响应和零输入响应）
——————————————————————————
S系统状态响应求解：（分别求解法）
1、求解的变换依据：拉氏变换
2、求解的性质依据：高等数学中常系数线性齐次微分方程求解（通解）+ 拉氏变换求得方程特解
3、求解零输入响应：设输入为0，求解方程的齐次响应（相当于高数中齐次微分方程求解）
4、求解零状态响应：对微分方程两边同时做拉氏变换
——————————————————————————
Z系统状态响应求解：（单边$Z$变换法）
1、求解的变换依据：单边Z变换
2、求解的性质依据：$x[k-1] \leftrightarrow z^{-1} X(z)+x[-1] $；$x[k-2] \leftrightarrow z^{-2} X(z)+z^{-1} x[-1]+x[-2]$；$x[k+1] \leftrightarrow z X(z)-z x[0] $；$x[k+2] \leftrightarrow z^{2} X(z)-z^{2} x[0]-z x[1]$（记忆：对于延迟的信号，$z^{-1} $的阶数是逐级递减的，并与从$x[-1] $向左开始取的信号相乘，符号是加；对于前移的信号，$z$的阶数是逐级递减的（从与变换中z阶数相同时开始取），并与从$x[0] $向右开始取的信号相乘，符号是减）
3、求解：对差分方程两边同时做单边Z变换（同时得到零状态响应和零输入响应）
——————————————————————————",中等,"Z变换, 拉普拉斯变换"
双线性变换,"1、双线性变换：拉普拉斯变换向Z变换的映射
2、求解时注意利用变换关系",中等,"Z变换, 拉普拉斯变换"