函数极限连续,01-func_lim.tex
一元微分,02-differential.tex
多元微分,03-differential_multi.tex
一元积分,04-integral.tex
多元积分,05-integral_multi.tex
向量代数与空间几何,06-vector_algebra.tex
无穷级数,07-series.tex
常微分方程,08-differential_equation.tex
微积分通识,09-general.tex
行列式,11-determinant.tex
矩阵,12-matrix.tex
向量,13-vector.tex
线性方程组,14-linear_equations.tex
特征值/特征向量/相似矩阵,15-eigenvalues.tex
二次型,16-quadratic.tex
随机事件和概率,21-random_events_and_probabilities.tex
随机变量及其概率分布,22-random_variables_and_probability_distribution.tex
多维随机变量及其分布,23-multi_random_variables_and_probability_distribution.tex
随机变量的数字特征,24-numerical_characteristics_of_random_variables.tex
大数定律和中心极限定理,25-law_of_Large_Numbers_and_Central_Limit_Theorem.tex
数理统计的基本概念,26-basic_concepts_of_mathematical_statistics.tex
参数估计,27-parameter_estimation.tex
假设检验,28-hypothetical_test.tex
概率论通识,29-general.tex